title,description,date,url,source,country,category
Lone Air India survivor carries coffin of brother killed in crash,A visibly upset Ramesh was overcome with grief carrying his brother's coffin to the crematorium.,"Wed, 18 Jun 2025 11:43:18 GMT",https://www.bbc.com/news/articles/cvg8591rpjyo,BBC,India,Technology
British woman dies from rabies after stray dog contact in Morocco,The UK Health Security Agency said there was no risk to the wider public.,"Wed, 18 Jun 2025 16:36:36 GMT",https://www.bbc.com/news/articles/c98wyllp170o,BBC,United Kingdom,Technology
"Future of Notting Hill Carnival in jeopardy without urgent funding, organisers say",The carnival's chair Ian Comfort has written to Culture Secretary Lisa Nandy to request extra funding.,"Wed, 18 Jun 2025 17:32:57 GMT",https://www.bbc.com/news/articles/cq8zxk083qko,BBC,Brazil,Technology
Under-fire NHS trust said patient had eaten breakfast - three days after he died,The mental health trust where Alice Figueiredo took her own life faced concerns over 20 other deaths.,"Wed, 18 Jun 2025 17:17:35 GMT",https://www.bbc.com/news/articles/cly2r0x9xwlo,BBC,United States,Technology
'Everything was destroyed': Kyiv residents in despair after deadly Russian attack,"A cruise missile slammed into an ordinary residential block early on Tuesday, likely travelling at about 500mph.","Wed, 18 Jun 2025 17:22:39 GMT",https://www.bbc.com/news/articles/c98j1y70e95o,BBC,United States,Technology
Kate pulls out of Royal Ascot as she looks for right balance of return to public duties,Catherine was due to attend the races with her husband the Prince of Wales and the King and Queen.,"Wed, 18 Jun 2025 17:12:09 GMT",https://www.bbc.com/news/articles/cjrl34rvdxdo,BBC,United Kingdom,General
Cats rejected as Westminster pest controllers,"Parliament has been advised cats would face risks, including from construction and self-closing doors.","Wed, 18 Jun 2025 16:40:27 GMT",https://www.bbc.com/news/articles/cqjqrddnldgo,BBC,United Kingdom,General
UK braces for heatwave as temperatures near 30C,"The nights will also be much warmer from Thursday, with many areas seeing temperatures in the high teens.","Wed, 18 Jun 2025 16:18:51 GMT",https://www.bbc.com/news/articles/c8d6jmmdq5go,BBC,United Kingdom,General
Jeremy Allen White sings as Bruce Springsteen in first trailer for biopic,"After Timothee Chalamet's Bob Dylan, White plays The Boss in new film biopic Deliver Me From Nowhere.","Wed, 18 Jun 2025 14:31:31 GMT",https://www.bbc.com/news/articles/crk6ded7krdo,BBC,Unknown,Technology
How did latest conflict start and where could it lead?,The exchange of fire continues as Donald Trump reportedly considers joining Israel's campaign against Iran.,"Wed, 18 Jun 2025 13:56:44 GMT",https://www.bbc.com/news/articles/cdj9vj8glg2o,BBC,United States,Technology
Streets eerily quiet and food supplies low - daily life in Tehran,BBC Persian's Kasra Naji says his sister is among those who want to know where the conflict with Israel is leading.,"Wed, 18 Jun 2025 13:54:58 GMT",https://www.bbc.com/news/articles/c20n6epljg2o,BBC,Unknown,Technology
'They sang about my family's death': Father's anger exposes divide in Israeli society,An Iranian missile killed Kasem's family in an Arab-majority town in Israel. The response shone a light on deep social issues.,"Wed, 18 Jun 2025 17:20:26 GMT",https://www.bbc.com/news/articles/c7vr51pzvm0o,BBC,Unknown,General
Trump's Iran dilemma exposes bitter split in president's circle,The conflict has pitted the isolationist and hawkish wings of the US leader's party against one another.,"Wed, 18 Jun 2025 16:37:34 GMT",https://www.bbc.com/news/articles/c1wp72224jzo,BBC,United States,Technology
Steve Rosenberg: Russia fears another loss in Middle East from Iran's conflict with Israel,"The longer Israel's military operation goes on, the greater the realisation that Russia has much to lose.","Tue, 17 Jun 2025 22:59:28 GMT",https://www.bbc.com/news/articles/c3w463pyj90o,BBC,United States,General
Abortion and assisted dying - two huge issues MPs are making their own decisions on,"Both are ""conscience votes"" or ""free votes"" - meaning it is a matter for Parliament, not government, and MPs can follow their instincts.","Wed, 18 Jun 2025 15:36:39 GMT",https://www.bbc.com/news/articles/cm20y9jl77do,BBC,Unknown,Politics
How investigators are uncovering what caused 'rarest of the rare' Air India crash,"Every scorched cable, nut and bolt will be examined along with the black box to determine why it went down 30 seconds after take-off.","Wed, 18 Jun 2025 00:02:03 GMT",https://www.bbc.com/news/articles/c4gkd555jlko,BBC,United States,Technology
How the threat of extreme heat is starting to change our holiday plans,"With heatwaves likely to increase in some popular travel destinations around Europe, what does that mean for the future of the traditional summer beach holiday?","Wed, 18 Jun 2025 01:11:09 GMT",https://www.bbc.com/news/articles/czxw6331grxo,BBC,Unknown,General
'Taxi boats' pick up migrants in waist-deep water as Channel smugglers switch tactics,They are being launched from new sites and in new ways - out of reach of French police.,"Wed, 18 Jun 2025 12:45:17 GMT",https://www.bbc.com/news/articles/cpd1l6p8vw9o,BBC,France,Technology
Watch Indonesian volcano spew ash over 11km into the sky,The twin-peaked Lewotobi Laki-Laki volcano erupted on Tuesday creating a vast plume.,"Wed, 18 Jun 2025 06:16:44 GMT",https://www.bbc.com/news/videos/c0rvwrqgqljo,BBC,Unknown,General
'My baby died after I was ignored': More families call for NHS maternity inquiry,Almost 50 new families contact the BBC with concerns about inadequate care at maternity units in Leeds.,"Wed, 18 Jun 2025 05:00:19 GMT",https://www.bbc.com/news/articles/cp861jezrj1o,BBC,Unknown,General
Tennis icon Navratilova defected to the US 50 years ago. Would she do the same today?,The player who left communist Czechoslovakia to pursue her dreams tells the BBC she doesn't think a Trump-led government would let her in now.,"Tue, 17 Jun 2025 23:04:03 GMT",https://www.bbc.com/news/articles/ce9xzgg91lpo,BBC,United States,Politics
HS2 line to be delayed again with no new date given,"Transport Secretary Heidi Alexander said the HS2 project was an ""appalling mess"".","Wed, 18 Jun 2025 16:08:13 GMT",https://www.bbc.com/news/articles/cy0wr7nw7wxo,BBC,Unknown,Technology
Ex-health secretary Hunt calls for 'urgent re-examination' of Letby case,"The Conservative MP said ""credible"" questions had been raised by experts about the nurse's crimes.","Wed, 18 Jun 2025 12:53:57 GMT",https://www.bbc.com/news/articles/cwyql1gv0zgo,BBC,Unknown,Technology
Chelsea's Mudryk faces FA ban after doping charge,Chelsea winger Mykhailo Mudryk is facing up to a four-year ban after being charged by the Football Association with doping offences.,"Wed, 18 Jun 2025 16:33:56 GMT",https://www.bbc.com/sport/football/articles/cgmwg1w9130o,BBC,Unknown,Technology
Kneecap rapper bailed over terror charge as protesters gather outside court,"Kneecap's Liam Óg Ó hAnnaidh, aka Mo Chara, is accused of displaying a flag in support of proscribed organisation Hezbollah.","Wed, 18 Jun 2025 11:44:10 GMT",https://www.bbc.com/news/articles/cy4k4xnlj8qo,BBC,United States,Technology
Record rise in chocolate prices as inflation remains highest for more than a year,"Food prices grew for a third month in May, as the overall rate of inflation remained at 3.4%.","Wed, 18 Jun 2025 10:42:00 GMT",https://www.bbc.com/news/articles/c5ygdqp922vo,BBC,Unknown,Technology
"Foreign criminals should expect to be deported, minister says","Human rights law too often ""protects those who break the rules"", the justice secretary says.","Wed, 18 Jun 2025 15:20:31 GMT",https://www.bbc.com/news/articles/cd978x4pvjxo,BBC,United States,General
Lollipop man told to stop high-fiving kids as it slows down traffic,Neil Cotton says he has been told the gesture 'upsets drivers' by causing extra seconds of delay.,"Wed, 18 Jun 2025 06:11:59 GMT",https://www.bbc.com/news/articles/c3w469ypxzxo,BBC,United States,General
BBC News app,"Top stories, breaking news, live reporting, and follow news topics that match your interests","Wed, 30 Apr 2025 14:04:28 GMT",https://www.bbc.co.uk/news/10628994,BBC,Unknown,General
The Grooming Gangs Report,“Collective failure” to  address questions about grooming gang’s ethnicity says report.,"Mon, 16 Jun 2025 19:30:00 GMT",https://www.bbc.co.uk/sounds/play/p0ljnbr3,BBC,Unknown,Technology
Hedy Lamarr: A Hollywood star and an inventor,A scandal in Vienna: Hedy Lamarr’s debut movie is banned in several countries,"Mon, 16 Jun 2025 00:30:00 GMT",https://www.bbc.co.uk/sounds/play/w3ct7y91,BBC,Unknown,General
Lions in 'good shape' with injuries - Farrell,"British and Irish Lions head coach Andy Farrell believes scrum-half Jamison Gibson-Park will be ""up and running"" by the time the side reach Australia next week.","Wed, 18 Jun 2025 16:26:10 GMT",https://www.bbc.com/sport/rugby-union/articles/cy0wl8eln8go,BBC,United Kingdom,General
Fans warned of short-notice changes as PL fixtures released,"Fans are warned by the Premier League that fixtures could move at ""relatively short notice"" next season because of the number of teams in Europe.","Wed, 18 Jun 2025 11:40:26 GMT",https://www.bbc.com/sport/football/articles/cpd1ldzy6peo,BBC,United States,General
Lone Air India survivor carries coffin of brother killed in crash,A visibly upset Ramesh was overcome with grief carrying his brother's coffin to the crematorium.,"Wed, 18 Jun 2025 11:43:18 GMT",https://www.bbc.com/news/articles/cvg8591rpjyo,BBC,India,Technology
British woman dies from rabies after stray dog contact in Morocco,The UK Health Security Agency said there was no risk to the wider public.,"Wed, 18 Jun 2025 16:36:36 GMT",https://www.bbc.com/news/articles/c98wyllp170o,BBC,United Kingdom,Technology
"Future of Notting Hill Carnival in jeopardy without urgent funding, organisers say",The carnival's chair Ian Comfort has written to Culture Secretary Lisa Nandy to request extra funding.,"Wed, 18 Jun 2025 17:32:57 GMT",https://www.bbc.com/news/articles/cq8zxk083qko,BBC,Brazil,Technology
Under-fire NHS trust said patient had eaten breakfast - three days after he died,The mental health trust where Alice Figueiredo took her own life faced concerns over 20 other deaths.,"Wed, 18 Jun 2025 17:17:35 GMT",https://www.bbc.com/news/articles/cly2r0x9xwlo,BBC,United States,Technology
'Everything was destroyed': Kyiv residents in despair after deadly Russian attack,"A cruise missile slammed into an ordinary residential block early on Tuesday, likely travelling at about 500mph.","Wed, 18 Jun 2025 17:22:39 GMT",https://www.bbc.com/news/articles/c98j1y70e95o,BBC,United States,Technology
Kate pulls out of Royal Ascot as she looks for right balance of return to public duties,Catherine was due to attend the races with her husband the Prince of Wales and the King and Queen.,"Wed, 18 Jun 2025 17:12:09 GMT",https://www.bbc.com/news/articles/cjrl34rvdxdo,BBC,United Kingdom,General
Cats rejected as Westminster pest controllers,"Parliament has been advised cats would face risks, including from construction and self-closing doors.","Wed, 18 Jun 2025 16:40:27 GMT",https://www.bbc.com/news/articles/cqjqrddnldgo,BBC,United Kingdom,General
UK braces for heatwave as temperatures near 30C,"The nights will also be much warmer from Thursday, with many areas seeing temperatures in the high teens.","Wed, 18 Jun 2025 16:18:51 GMT",https://www.bbc.com/news/articles/c8d6jmmdq5go,BBC,United Kingdom,General
Jeremy Allen White sings as Bruce Springsteen in first trailer for biopic,"After Timothee Chalamet's Bob Dylan, White plays The Boss in new film biopic Deliver Me From Nowhere.","Wed, 18 Jun 2025 14:31:31 GMT",https://www.bbc.com/news/articles/crk6ded7krdo,BBC,Unknown,Technology
How did latest conflict start and where could it lead?,The exchange of fire continues as Donald Trump reportedly considers joining Israel's campaign against Iran.,"Wed, 18 Jun 2025 13:56:44 GMT",https://www.bbc.com/news/articles/cdj9vj8glg2o,BBC,United States,Technology
Streets eerily quiet and food supplies low - daily life in Tehran,BBC Persian's Kasra Naji says his sister is among those who want to know where the conflict with Israel is leading.,"Wed, 18 Jun 2025 13:54:58 GMT",https://www.bbc.com/news/articles/c20n6epljg2o,BBC,Unknown,Technology
'They sang about my family's death': Father's anger exposes divide in Israeli society,An Iranian missile killed Kasem's family in an Arab-majority town in Israel. The response shone a light on deep social issues.,"Wed, 18 Jun 2025 17:20:26 GMT",https://www.bbc.com/news/articles/c7vr51pzvm0o,BBC,Unknown,General
Trump's Iran dilemma exposes bitter split in president's circle,The conflict has pitted the isolationist and hawkish wings of the US leader's party against one another.,"Wed, 18 Jun 2025 16:37:34 GMT",https://www.bbc.com/news/articles/c1wp72224jzo,BBC,United States,Technology
Steve Rosenberg: Russia fears another loss in Middle East from Iran's conflict with Israel,"The longer Israel's military operation goes on, the greater the realisation that Russia has much to lose.","Tue, 17 Jun 2025 22:59:28 GMT",https://www.bbc.com/news/articles/c3w463pyj90o,BBC,United States,General
Abortion and assisted dying - two huge issues MPs are making their own decisions on,"Both are ""conscience votes"" or ""free votes"" - meaning it is a matter for Parliament, not government, and MPs can follow their instincts.","Wed, 18 Jun 2025 15:36:39 GMT",https://www.bbc.com/news/articles/cm20y9jl77do,BBC,Unknown,Politics
How investigators are uncovering what caused 'rarest of the rare' Air India crash,"Every scorched cable, nut and bolt will be examined along with the black box to determine why it went down 30 seconds after take-off.","Wed, 18 Jun 2025 00:02:03 GMT",https://www.bbc.com/news/articles/c4gkd555jlko,BBC,United States,Technology
How the threat of extreme heat is starting to change our holiday plans,"With heatwaves likely to increase in some popular travel destinations around Europe, what does that mean for the future of the traditional summer beach holiday?","Wed, 18 Jun 2025 01:11:09 GMT",https://www.bbc.com/news/articles/czxw6331grxo,BBC,Unknown,General
'Taxi boats' pick up migrants in waist-deep water as Channel smugglers switch tactics,They are being launched from new sites and in new ways - out of reach of French police.,"Wed, 18 Jun 2025 12:45:17 GMT",https://www.bbc.com/news/articles/cpd1l6p8vw9o,BBC,France,Technology
Watch Indonesian volcano spew ash over 11km into the sky,The twin-peaked Lewotobi Laki-Laki volcano erupted on Tuesday creating a vast plume.,"Wed, 18 Jun 2025 06:16:44 GMT",https://www.bbc.com/news/videos/c0rvwrqgqljo,BBC,Unknown,General
'My baby died after I was ignored': More families call for NHS maternity inquiry,Almost 50 new families contact the BBC with concerns about inadequate care at maternity units in Leeds.,"Wed, 18 Jun 2025 05:00:19 GMT",https://www.bbc.com/news/articles/cp861jezrj1o,BBC,Unknown,General
Tennis icon Navratilova defected to the US 50 years ago. Would she do the same today?,The player who left communist Czechoslovakia to pursue her dreams tells the BBC she doesn't think a Trump-led government would let her in now.,"Tue, 17 Jun 2025 23:04:03 GMT",https://www.bbc.com/news/articles/ce9xzgg91lpo,BBC,United States,Politics
HS2 line to be delayed again with no new date given,"Transport Secretary Heidi Alexander said the HS2 project was an ""appalling mess"".","Wed, 18 Jun 2025 16:08:13 GMT",https://www.bbc.com/news/articles/cy0wr7nw7wxo,BBC,Unknown,Technology
Ex-health secretary Hunt calls for 'urgent re-examination' of Letby case,"The Conservative MP said ""credible"" questions had been raised by experts about the nurse's crimes.","Wed, 18 Jun 2025 12:53:57 GMT",https://www.bbc.com/news/articles/cwyql1gv0zgo,BBC,Unknown,Technology
Chelsea's Mudryk faces FA ban after doping charge,Chelsea winger Mykhailo Mudryk is facing up to a four-year ban after being charged by the Football Association with doping offences.,"Wed, 18 Jun 2025 16:33:56 GMT",https://www.bbc.com/sport/football/articles/cgmwg1w9130o,BBC,Unknown,Technology
Kneecap rapper bailed over terror charge as protesters gather outside court,"Kneecap's Liam Óg Ó hAnnaidh, aka Mo Chara, is accused of displaying a flag in support of proscribed organisation Hezbollah.","Wed, 18 Jun 2025 11:44:10 GMT",https://www.bbc.com/news/articles/cy4k4xnlj8qo,BBC,United States,Technology
Record rise in chocolate prices as inflation remains highest for more than a year,"Food prices grew for a third month in May, as the overall rate of inflation remained at 3.4%.","Wed, 18 Jun 2025 10:42:00 GMT",https://www.bbc.com/news/articles/c5ygdqp922vo,BBC,Unknown,Technology
"Foreign criminals should expect to be deported, minister says","Human rights law too often ""protects those who break the rules"", the justice secretary says.","Wed, 18 Jun 2025 15:20:31 GMT",https://www.bbc.com/news/articles/cd978x4pvjxo,BBC,United States,General
Lollipop man told to stop high-fiving kids as it slows down traffic,Neil Cotton says he has been told the gesture 'upsets drivers' by causing extra seconds of delay.,"Wed, 18 Jun 2025 06:11:59 GMT",https://www.bbc.com/news/articles/c3w469ypxzxo,BBC,United States,General
BBC News app,"Top stories, breaking news, live reporting, and follow news topics that match your interests","Wed, 30 Apr 2025 14:04:28 GMT",https://www.bbc.co.uk/news/10628994,BBC,Unknown,General
The Grooming Gangs Report,“Collective failure” to  address questions about grooming gang’s ethnicity says report.,"Mon, 16 Jun 2025 19:30:00 GMT",https://www.bbc.co.uk/sounds/play/p0ljnbr3,BBC,Unknown,Technology
Hedy Lamarr: A Hollywood star and an inventor,A scandal in Vienna: Hedy Lamarr’s debut movie is banned in several countries,"Mon, 16 Jun 2025 00:30:00 GMT",https://www.bbc.co.uk/sounds/play/w3ct7y91,BBC,Unknown,General
Lions in 'good shape' with injuries - Farrell,"British and Irish Lions head coach Andy Farrell believes scrum-half Jamison Gibson-Park will be ""up and running"" by the time the side reach Australia next week.","Wed, 18 Jun 2025 16:26:10 GMT",https://www.bbc.com/sport/rugby-union/articles/cy0wl8eln8go,BBC,United Kingdom,General
Fans warned of short-notice changes as PL fixtures released,"Fans are warned by the Premier League that fixtures could move at ""relatively short notice"" next season because of the number of teams in Europe.","Wed, 18 Jun 2025 11:40:26 GMT",https://www.bbc.com/sport/football/articles/cpd1ldzy6peo,BBC,United States,General
Lone Air India survivor carries coffin of brother killed in crash,A visibly upset Ramesh was overcome with grief carrying his brother's coffin to the crematorium.,"Wed, 18 Jun 2025 11:43:18 GMT",https://www.bbc.com/news/articles/cvg8591rpjyo,BBC,India,Technology
British woman dies from rabies after stray dog contact in Morocco,The UK Health Security Agency said there was no risk to the wider public.,"Wed, 18 Jun 2025 16:36:36 GMT",https://www.bbc.com/news/articles/c98wyllp170o,BBC,United Kingdom,Technology
"Future of Notting Hill Carnival in jeopardy without urgent funding, organisers say",The carnival's chair Ian Comfort has written to Culture Secretary Lisa Nandy to request extra funding.,"Wed, 18 Jun 2025 17:32:57 GMT",https://www.bbc.com/news/articles/cq8zxk083qko,BBC,Brazil,Technology
Under-fire NHS trust said patient had eaten breakfast - three days after he died,The mental health trust where Alice Figueiredo took her own life faced concerns over 20 other deaths.,"Wed, 18 Jun 2025 17:17:35 GMT",https://www.bbc.com/news/articles/cly2r0x9xwlo,BBC,United States,Technology
'Everything was destroyed': Kyiv residents in despair after deadly Russian attack,"A cruise missile slammed into an ordinary residential block early on Tuesday, likely travelling at about 500mph.","Wed, 18 Jun 2025 17:22:39 GMT",https://www.bbc.com/news/articles/c98j1y70e95o,BBC,United States,Technology
Kate pulls out of Royal Ascot as she looks for right balance of return to public duties,Catherine was due to attend the races with her husband the Prince of Wales and the King and Queen.,"Wed, 18 Jun 2025 17:12:09 GMT",https://www.bbc.com/news/articles/cjrl34rvdxdo,BBC,United Kingdom,General
Cats rejected as Westminster pest controllers,"Parliament has been advised cats would face risks, including from construction and self-closing doors.","Wed, 18 Jun 2025 16:40:27 GMT",https://www.bbc.com/news/articles/cqjqrddnldgo,BBC,United Kingdom,General
UK braces for heatwave as temperatures near 30C,"The nights will also be much warmer from Thursday, with many areas seeing temperatures in the high teens.","Wed, 18 Jun 2025 16:18:51 GMT",https://www.bbc.com/news/articles/c8d6jmmdq5go,BBC,United Kingdom,General
Jeremy Allen White sings as Bruce Springsteen in first trailer for biopic,"After Timothee Chalamet's Bob Dylan, White plays The Boss in new film biopic Deliver Me From Nowhere.","Wed, 18 Jun 2025 14:31:31 GMT",https://www.bbc.com/news/articles/crk6ded7krdo,BBC,Unknown,Technology
How did latest conflict start and where could it lead?,The exchange of fire continues as Donald Trump reportedly considers joining Israel's campaign against Iran.,"Wed, 18 Jun 2025 13:56:44 GMT",https://www.bbc.com/news/articles/cdj9vj8glg2o,BBC,United States,Technology
Streets eerily quiet and food supplies low - daily life in Tehran,BBC Persian's Kasra Naji says his sister is among those who want to know where the conflict with Israel is leading.,"Wed, 18 Jun 2025 13:54:58 GMT",https://www.bbc.com/news/articles/c20n6epljg2o,BBC,Unknown,Technology
'They sang about my family's death': Father's anger exposes divide in Israeli society,An Iranian missile killed Kasem's family in an Arab-majority town in Israel. The response shone a light on deep social issues.,"Wed, 18 Jun 2025 17:20:26 GMT",https://www.bbc.com/news/articles/c7vr51pzvm0o,BBC,Unknown,General
Trump's Iran dilemma exposes bitter split in president's circle,The conflict has pitted the isolationist and hawkish wings of the US leader's party against one another.,"Wed, 18 Jun 2025 16:37:34 GMT",https://www.bbc.com/news/articles/c1wp72224jzo,BBC,United States,Technology
Steve Rosenberg: Russia fears another loss in Middle East from Iran's conflict with Israel,"The longer Israel's military operation goes on, the greater the realisation that Russia has much to lose.","Tue, 17 Jun 2025 22:59:28 GMT",https://www.bbc.com/news/articles/c3w463pyj90o,BBC,United States,General
Abortion and assisted dying - two huge issues MPs are making their own decisions on,"Both are ""conscience votes"" or ""free votes"" - meaning it is a matter for Parliament, not government, and MPs can follow their instincts.","Wed, 18 Jun 2025 15:36:39 GMT",https://www.bbc.com/news/articles/cm20y9jl77do,BBC,Unknown,Politics
How investigators are uncovering what caused 'rarest of the rare' Air India crash,"Every scorched cable, nut and bolt will be examined along with the black box to determine why it went down 30 seconds after take-off.","Wed, 18 Jun 2025 00:02:03 GMT",https://www.bbc.com/news/articles/c4gkd555jlko,BBC,United States,Technology
How the threat of extreme heat is starting to change our holiday plans,"With heatwaves likely to increase in some popular travel destinations around Europe, what does that mean for the future of the traditional summer beach holiday?","Wed, 18 Jun 2025 01:11:09 GMT",https://www.bbc.com/news/articles/czxw6331grxo,BBC,Unknown,General
'Taxi boats' pick up migrants in waist-deep water as Channel smugglers switch tactics,They are being launched from new sites and in new ways - out of reach of French police.,"Wed, 18 Jun 2025 12:45:17 GMT",https://www.bbc.com/news/articles/cpd1l6p8vw9o,BBC,France,Technology
Watch Indonesian volcano spew ash over 11km into the sky,The twin-peaked Lewotobi Laki-Laki volcano erupted on Tuesday creating a vast plume.,"Wed, 18 Jun 2025 06:16:44 GMT",https://www.bbc.com/news/videos/c0rvwrqgqljo,BBC,Unknown,General
'My baby died after I was ignored': More families call for NHS maternity inquiry,Almost 50 new families contact the BBC with concerns about inadequate care at maternity units in Leeds.,"Wed, 18 Jun 2025 05:00:19 GMT",https://www.bbc.com/news/articles/cp861jezrj1o,BBC,Unknown,General
Tennis icon Navratilova defected to the US 50 years ago. Would she do the same today?,The player who left communist Czechoslovakia to pursue her dreams tells the BBC she doesn't think a Trump-led government would let her in now.,"Tue, 17 Jun 2025 23:04:03 GMT",https://www.bbc.com/news/articles/ce9xzgg91lpo,BBC,United States,Politics
HS2 line to be delayed again with no new date given,"Transport Secretary Heidi Alexander said the HS2 project was an ""appalling mess"".","Wed, 18 Jun 2025 16:08:13 GMT",https://www.bbc.com/news/articles/cy0wr7nw7wxo,BBC,Unknown,Technology
Ex-health secretary Hunt calls for 'urgent re-examination' of Letby case,"The Conservative MP said ""credible"" questions had been raised by experts about the nurse's crimes.","Wed, 18 Jun 2025 12:53:57 GMT",https://www.bbc.com/news/articles/cwyql1gv0zgo,BBC,Unknown,Technology
Chelsea's Mudryk faces FA ban after doping charge,Chelsea winger Mykhailo Mudryk is facing up to a four-year ban after being charged by the Football Association with doping offences.,"Wed, 18 Jun 2025 16:33:56 GMT",https://www.bbc.com/sport/football/articles/cgmwg1w9130o,BBC,Unknown,Technology
Kneecap rapper bailed over terror charge as protesters gather outside court,"Kneecap's Liam Óg Ó hAnnaidh, aka Mo Chara, is accused of displaying a flag in support of proscribed organisation Hezbollah.","Wed, 18 Jun 2025 11:44:10 GMT",https://www.bbc.com/news/articles/cy4k4xnlj8qo,BBC,United States,Technology
Record rise in chocolate prices as inflation remains highest for more than a year,"Food prices grew for a third month in May, as the overall rate of inflation remained at 3.4%.","Wed, 18 Jun 2025 10:42:00 GMT",https://www.bbc.com/news/articles/c5ygdqp922vo,BBC,Unknown,Technology
"Foreign criminals should expect to be deported, minister says","Human rights law too often ""protects those who break the rules"", the justice secretary says.","Wed, 18 Jun 2025 15:20:31 GMT",https://www.bbc.com/news/articles/cd978x4pvjxo,BBC,United States,General
Lollipop man told to stop high-fiving kids as it slows down traffic,Neil Cotton says he has been told the gesture 'upsets drivers' by causing extra seconds of delay.,"Wed, 18 Jun 2025 06:11:59 GMT",https://www.bbc.com/news/articles/c3w469ypxzxo,BBC,United States,General
BBC News app,"Top stories, breaking news, live reporting, and follow news topics that match your interests","Wed, 30 Apr 2025 14:04:28 GMT",https://www.bbc.co.uk/news/10628994,BBC,Unknown,General
The Grooming Gangs Report,“Collective failure” to  address questions about grooming gang’s ethnicity says report.,"Mon, 16 Jun 2025 19:30:00 GMT",https://www.bbc.co.uk/sounds/play/p0ljnbr3,BBC,Unknown,Technology
Hedy Lamarr: A Hollywood star and an inventor,A scandal in Vienna: Hedy Lamarr’s debut movie is banned in several countries,"Mon, 16 Jun 2025 00:30:00 GMT",https://www.bbc.co.uk/sounds/play/w3ct7y91,BBC,Unknown,General
Lions in 'good shape' with injuries - Farrell,"British and Irish Lions head coach Andy Farrell believes scrum-half Jamison Gibson-Park will be ""up and running"" by the time the side reach Australia next week.","Wed, 18 Jun 2025 16:26:10 GMT",https://www.bbc.com/sport/rugby-union/articles/cy0wl8eln8go,BBC,United Kingdom,General
Fans warned of short-notice changes as PL fixtures released,"Fans are warned by the Premier League that fixtures could move at ""relatively short notice"" next season because of the number of teams in Europe.","Wed, 18 Jun 2025 11:40:26 GMT",https://www.bbc.com/sport/football/articles/cpd1ldzy6peo,BBC,United States,General
"Fulton County, Georgia, jail leadership resigns after inmate's death and accusations of unsanitary conditions","Three officials at the Fulton County, Georgia, jail have stepped down amid an investigation into the death of an inmate whose family said was housed in a filthy, bug-infested cell that ""was not fit for a diseased animal.""","Tue, 18 Apr 2023 15:08:03 GMT",https://www.cnn.com/2023/04/18/us/fulton-county-jail-leadership-resignations-lashawn-thompson-death/index.html,CNN,United States,Technology
He was free for 2 years. Now Crosley Green is back in prison for a crime he says he didn't commit,A Florida man who served three decades behind bars for a murder he says he didn't commit returned to prison Monday after spending the past two years building a life outside prison walls. ,"Mon, 17 Apr 2023 22:45:49 GMT",https://www.cnn.com/2023/04/17/us/crosley-green-prison-return/index.html,CNN,Unknown,General
"Tennessee Air National Guardsman applied to be a hitman online, the FBI says. It was a spoof website and now he's facing charges ","A Tennessee Air National Guardsman is facing charges after applying to be a hitman on a spoof ""rent-a-hitman"" website, according to the Department of Justice.","Mon, 17 Apr 2023 09:06:12 GMT",https://www.cnn.com/2023/04/17/us/tennessee-air-national-guardsman-hitman-online-application/index.html,CNN,United States,Technology
Family of victim and survivors of Indianapolis FedEx mass shooting file lawsuit against gun magazine manufacturer and distributors,"The family of a victim and several survivors of a mass shooting at a FedEx facility in Indianapolis filed a lawsuit against companies involved in the manufacturing, marketing and sale of the high capacity magazine used by the gunman who killed 8 people and injured several others in 2021. ","Mon, 17 Apr 2023 18:54:28 GMT",https://www.cnn.com/2023/04/16/us/lawsuit-indianapolis-fedex-mass-shooting/index.html,CNN,United States,Technology
GOP prepared to block vote to replace Feinstein on Senate Judiciary,"Senate Majority Leader Chuck Schumer said on Tuesday that he hopes to replace Democratic Sen. Dianne Feinstein on the Senate Judiciary Committee with Sen. Ben Cardin of Maryland and aims to set up a floor vote on the issue this afternoon, which Republicans are expected to block. ","Tue, 18 Apr 2023 22:03:13 GMT",https://www.cnn.com/2023/04/18/politics/schumer-senate-feinstein-vote-cardin/index.html,CNN,United States,Technology
Anti-abortion doctors urge Supreme Court to keep mifepristone restrictions in place,"A group of doctors opposed to abortion asked the Supreme Court Tuesday to restrict access to a key medication abortion drug while other legal challenges play out, as Wednesday night's deadline for the court to act approaches.","Tue, 18 Apr 2023 16:35:37 GMT",https://www.cnn.com/2023/04/18/politics/abortion-supreme-court-mifepristone-restrictions-filing/index.html,CNN,Unknown,General
McCarthy makes plea for Republicans to back debt ceiling plan,"Speaker Kevin McCarthy made a plea to House Republicans during a closed-door meeting Tuesday morning to back his debt ceiling plan, telling them that although it doesn't have to include everything they want, it will help get him to the negotiating table with President Joe Biden. ","Tue, 18 Apr 2023 15:17:18 GMT",https://www.cnn.com/2023/04/18/politics/mccarthy-debt-limit-plan/index.html,CNN,United States,General
Supreme Court seems sympathetic to postal worker who didn't work Sundays in dispute over religious accommodations,"The Supreme Court seemed to side with a former mail carrier, an evangelical Christian, who says the US Postal Service failed to accommodate his request to not work on Sundays.","Tue, 18 Apr 2023 17:37:57 GMT",https://www.cnn.com/2023/04/18/politics/groff-dejoy-supreme-court-religious-liberty/index.html,CNN,United States,Technology
"China's economy is off to a solid start, rising 4.5% in Q1 2023 ",China's economy is off to a solid start in 2023 following its emergence from three years of strict pandemic restrictions.,"Tue, 18 Apr 2023 07:01:12 GMT",https://www.cnn.com/2023/04/17/economy/china-gdp-q1-2023-intl-hnk/index.html,CNN,China,General
"Even when wives make as much as husbands, they still do more at home","• Four out of the five US metro areas with the lowest unemployment are in Florida. Here's why
• Opinion: The overlooked problem with raising the retirement age for Social Security","Sun, 16 Apr 2023 17:29:49 GMT",https://www.cnn.com/2023/04/16/success/husbands-wives-earning-division-of-labor-pew-survey/index.html,CNN,United States,Technology
McDonald's is upgrading its burgers,"McDonald's, which has been focusing on upgrading its core items to boost sales, is rolling out a series of changes designed to improve its signature burgers. ","Mon, 17 Apr 2023 16:31:30 GMT",https://www.cnn.com/2023/04/17/business/mcdonalds-burgers/index.html,CNN,United States,General
Google-parent stock drops on fears it could lose search market share to AI-powered rivals,"Shares of Google-parent Alphabet fell more than 3% in early trading Monday after a report sparked concerns that its core search engine could lose market share to AI-powered rivals, including Microsoft's Bing.","Mon, 17 Apr 2023 15:52:19 GMT",https://www.cnn.com/2023/04/17/tech/google-ai-search-engine-stock-drop/index.html,CNN,Unknown,Technology
Family throws surprise birthday party at Eagles tailgate for Vietnam vet,,,https://6abc.com/philadelphia-eagles-tailgate-south-vietnam-veteran/12524946/,CNN,Unknown,Technology
"$200,000 worth of supplies donated to PB schools",,,https://www.wptv.com/news/education/200-000-worth-of-supplies-distributed-for-palm-beach-county-schools-during-giveaway-event,CNN,Unknown,General
Car chase ends with police-involved shooting,,,https://abc7ny.com/police-involved-shooting-grand-concourse-section-suspect-shot-in-head-and-leg-bronx/12524318,CNN,Unknown,General
Mother fends off raccoon from daughter,,,https://www.wfsb.com/2022/12/02/racoon-attack-ashford/,CNN,Unknown,General
Cars totaling nearly $200k stolen from dealership,,,https://www.atlantanewsfirst.com/2022/12/04/police-2-ford-mustangs-totaling-nearly-200k-stolen-upson-county-dealership/,CNN,Unknown,General
Christmas parade road closures and detours,,,https://wach.com/news/local/christmas-parade-road-closures-and-detours-in-downtown-lexington#,CNN,Unknown,General
Hospitals becoming a 'dumping ground' for kids,,,https://www.newschannel5.com/news/newschannel-5-investigates/hospitals-becoming-a-dumping-ground-for-kids-in-dcs-custody,CNN,Unknown,General
Girl who called 911 for her father honored,,,https://auburnpub.com/news/local/aurelius-girl-who-called-911-for-her-father-honored-by-cayuga-county-sheriff/article_be0826d5-b1ff-51a0-ab94-99dade83ad38.html,CNN,Unknown,General
Water study could delay commercial construction,,,https://poststar.com/news/local/lake-george-water-study-could-delay-commercial-construction/article_dc5e67ce-718d-11ed-82c2-ef3febaf7e24.html,CNN,Unknown,General
Almost 200 animals rescued from puppy mill ,,,https://www.cbsnews.com/philadelphia/news/almost-200-animals-rescued-from-puppy-mill-in-ocean-county/,CNN,Unknown,General
She made a promise to her husband to keep their tree farm going,,,https://www.news5cleveland.com/news/local-news/she-made-a-promise-to-her-husband-to-keep-their-tree-farm-going,CNN,United States,General
HS football players gain perspective helping vets,,,https://www.kristv.com/news/local-news/high-school-football-players-gain-new-perspective-helping-veterans,CNN,Unknown,Technology
Milwaukee Dancing Grannies planning return,,,https://www.wisn.com/article/milwaukee-dancing-grannies-planning-return-to-waukesha/42138823,CNN,United Kingdom,General
Fire crews respond to fire at boarded up building,,,https://www.kare11.com/article/news/local/mfd-crews-respond-to-fire-at-boarded-up-apartment-building/89-6b440525-7462-4b35-86be-6715c5007f8d,CNN,Unknown,General
10-year-old shoot mom over VR headset,,,https://www.tmj4.com/news/local-news/10-year-old-upset-over-vr-headset-fatally-shoots-mother-charged-as-an-adult,CNN,Unknown,General
Condo owners remember building scare,,,https://www.cbs58.com/news/horizon-west-condo-owners-in-waukesha-remember-building-fire-one-year-later,CNN,Unknown,General
"5th grader raises $2,000 for grieving teacher",,,https://www.ketv.com/article/ralston-she-was-going-through-a-lot-5th-grader-raises-2000-for-grieving-teacher/42115993,CNN,Unknown,Technology
Why is Israel killing so many Palestinians seeking food in Gaza?,Desperate Palestinians have faced a barrage of attacks by Israeli forces at food sites. ,"Wed, 18 Jun 2025 18:10:55 +0000",https://www.aljazeera.com/video/inside-story/2025/6/18/why-is-israel-killing-so-many-palestinians-seeking-food-in?traffic_source=rss,Al Jazeera,Unknown,General
Lone survivor of Air India crash mourns brother,"Viswashkumar Ramesh, the lone survivor of last week’s Air India disaster, wept as his brother’s body arrived.","Wed, 18 Jun 2025 18:08:55 +0000",https://www.aljazeera.com/video/newsfeed/2025/6/18/lone-survivor-of-air-india-crash-mourns-brother?traffic_source=rss,Al Jazeera,India,Technology
"US imposes new Mexican cartel sanctions, cites murder of TikTok influencer",The Trump administration says the cartel is responsible for a significant share of fentanyl entering the country.,"Wed, 18 Jun 2025 18:03:14 +0000",https://www.aljazeera.com/news/2025/6/18/us-imposes-new-mexican-cartel-sanctions-cites-murder-of-tiktok-influencer?traffic_source=rss,Al Jazeera,United States,General
Supreme Court upholds Tennessee law barring gender-affirming care for youth,Critics have denounced the US ruling as endangering transgender youth by preventing medical access to puberty blockers.,"Wed, 18 Jun 2025 17:36:33 +0000",https://www.aljazeera.com/news/2025/6/18/supreme-court-upholds-tennessee-law-barring-gender-affirming-care-for-youth?traffic_source=rss,Al Jazeera,United States,General
Nippon Steel acquires US Steel for $14.9bn after months of struggle,The deal also allows US President Donald Trump to appoint a board member.,"Wed, 18 Jun 2025 17:21:27 +0000",https://www.aljazeera.com/economy/2025/6/18/nippon-steel-acquires-us-steel-for-14-9bn-after-months-of-struggle?traffic_source=rss,Al Jazeera,United States,General
Iran war gives Netanyahu political breathing room in Israel,"After facing an uncertain future last week, Netanyahu&#039;s confrontation with Israel&#039;s arch foe unites its politicians","Wed, 18 Jun 2025 17:20:34 +0000",https://www.aljazeera.com/news/2025/6/18/iran-war-gives-netanyahu-political-breathing-room-in-israel?traffic_source=rss,Al Jazeera,Unknown,Technology
Foreign students face uncertainty under Trump’s shifting visa policies,Trump administration&#039;s battle with Harvard and Columbia leaves some students in California exploring options elsewhere. ,"Wed, 18 Jun 2025 16:25:35 +0000",https://www.aljazeera.com/news/2025/6/18/foreign-students-face-uncertainty-under-trumps-shifting-visa-policies?traffic_source=rss,Al Jazeera,United States,Technology
The propaganda war between Israel and Iran,"As Israel and Iran launch strikes against each other, a parallel propaganda war is taking place.","Wed, 18 Jun 2025 16:08:11 +0000",https://www.aljazeera.com/video/newsfeed/2025/6/18/the-propaganda-war-between-israel-and-iran?traffic_source=rss,Al Jazeera,Unknown,Technology
Macron sounds ‘chaos’ warning over Iran regime change,"Israel&#039;s strikes on Iran began with nuclear sites, but talk of &#039;regime change&#039; is now out in the open.","Wed, 18 Jun 2025 15:49:20 +0000",https://www.aljazeera.com/video/newsfeed/2025/6/18/macron-sounds-chaos-warning-over-iran-regime-change?traffic_source=rss,Al Jazeera,France,General
Israel-Iran conflict rages with ongoing aerial strikes amid war of words,Iran&#039;s Khamenei warns US of &#039;irreparable consequences&#039; if it launches strikes as Trump claims Iran is &#039;defenceless&#039;.,"Wed, 18 Jun 2025 15:46:59 +0000",https://www.aljazeera.com/news/2025/6/18/israel-iran-conflict-rages-with-ongoing-aerial-strikes-amid-war-of-words?traffic_source=rss,Al Jazeera,United States,Technology
Citizen Musk,The world’s richest man has reshaped the US government. Fault Lines investigates what that is costing the United States.,"Wed, 18 Jun 2025 15:30:00 +0000",https://www.aljazeera.com/video/fault-lines/2025/6/18/citizen-musk?traffic_source=rss,Al Jazeera,United States,Politics
How has Iran managed to pierce through Israel’s air defence systems?,"Hypersonic missiles, among other techniques, can trick air defence systems.","Wed, 18 Jun 2025 15:16:29 +0000",https://www.aljazeera.com/news/2025/6/18/how-has-iran-managed-to-pierce-through-israels-air-defence-systems?traffic_source=rss,Al Jazeera,Unknown,Technology
"Hurricane Erick approaches Pacific coast, threatens Mexico with flooding",Erick is expected to rapidly intensify and reach major hurricane strength as it approaches Mexico&#039;s coast. ,"Wed, 18 Jun 2025 14:51:11 +0000",https://www.aljazeera.com/news/2025/6/18/hurricane-erick-approaches-pacific-coast-threatens-mexico-with-flooding?traffic_source=rss,Al Jazeera,Mexico,General
‘Growing number’ of Britons view Israel’s actions in Gaza as genocide: Poll,"British sympathy for the Palestinian cause - and criticism of Israel - is surging, according to a new survey.","Wed, 18 Jun 2025 14:12:18 +0000",https://www.aljazeera.com/news/2025/6/18/growing-number-of-britons-view-israels-actions-in-gaza-as-genocide-poll?traffic_source=rss,Al Jazeera,United Kingdom,General
What’s the impact of the Israel-Iran conflict on oil prices?,Their air strikes are roiling energy markets and raising fears over inflation.,"Wed, 18 Jun 2025 14:09:10 +0000",https://www.aljazeera.com/video/counting-the-cost/2025/6/18/whats-the-impact-of-the-israel-iran-conflict-on-oil-prices?traffic_source=rss,Al Jazeera,Unknown,Technology
Is Iran ‘very close’ to building a nuclear bomb as Trump claims?,The US president&#039;s own intelligence chief and the IAEA don&#039;t think Iran is building nuclear weapons at all. ,"Wed, 18 Jun 2025 14:00:46 +0000",https://www.aljazeera.com/news/2025/6/18/is-iran-very-close-to-building-a-nuclear-bomb-as-trump-claims?traffic_source=rss,Al Jazeera,United States,Technology
Member of Irish rap band Kneecap appears in court on ‘terrorism’ charge,"Liam O’Hanna, 27, is accused of breaking British law by waving a Hezbollah flag at a concert in London last November. ","Wed, 18 Jun 2025 14:00:34 +0000",https://www.aljazeera.com/news/2025/6/18/member-of-irish-rap-band-kneecap-appears-in-court-on-terrorism-charge?traffic_source=rss,Al Jazeera,United Kingdom,General
Supreme Leader Khamenei says Iran will ‘never surrender’,"In an address to the nation, Iran’s Supreme Leader Ali Khamenei rejected President Trump’s call for surrender.","Wed, 18 Jun 2025 13:49:47 +0000",https://www.aljazeera.com/video/2025/6/18/supreme-leader-khamenei-says-iran-will-never?traffic_source=rss,Al Jazeera,United States,General
"Israeli forces kill 69 Palestinians in Gaza, including 29 seeking aid","At least 11 people killed in Israeli fire at crowds of Palestinians seeking aid in central Gaza, medics say.","Wed, 18 Jun 2025 13:47:03 +0000",https://www.aljazeera.com/news/2025/6/18/israeli-forces-kill-47-palestinians-in-gaza-including-11-awaiting-aid?traffic_source=rss,Al Jazeera,Unknown,Technology
"India vs Pakistan confirmed at ICC Women’s Cricket World Cup, T20 World Cup","Despite the recent military escalations, the South Asian cricket giants will meet at the 50-over and 20-over World Cups.","Wed, 18 Jun 2025 13:38:16 +0000",https://www.aljazeera.com/sports/2025/6/18/india-vs-pakistan-twice-in-8-months-at-icc-womens-world-cups-in-2025-26-t20-world-cup-schedule?traffic_source=rss,Al Jazeera,India,General
Mapping Iran’s most significant strikes on Israel,"Using open-source intelligence and visual evidence, Al Jazeera’s Sanad unit has mapped key Iranian strikes on Israel.","Wed, 18 Jun 2025 13:31:29 +0000",https://www.aljazeera.com/news/2025/6/18/mapping-irans-most-significant-strikes-on-israel?traffic_source=rss,Al Jazeera,United States,General
Songs of Love and War,Four songs on Middle Eastern conflicts with a sense of love for Arab identity and commitment to the Palestinian cause.,"Wed, 18 Jun 2025 13:30:00 +0000",https://www.aljazeera.com/video/al-jazeera-world/2025/6/18/songs-of-love-and-war?traffic_source=rss,Al Jazeera,United States,General
"Iran will defend itself in Israel conflict with ‘full force’, official says",Esmaeil Baghaei says Iran is &#039;for the time being&#039; focused on targeting Israeli sites only as conflict enters sixth day.,"Wed, 18 Jun 2025 13:23:43 +0000",https://www.aljazeera.com/news/2025/6/18/iran-will-defend-itself-in-israel-conflict-with-full-force-official-says?traffic_source=rss,Al Jazeera,United States,General
Video: Iran foreign ministry says any American intervention may expand war,The spokesman for Iran&#039;s Ministry of Foreign Affairs said his country was in a fight with a genocidal enemy.,"Wed, 18 Jun 2025 13:22:59 +0000",https://www.aljazeera.com/video/newsfeed/2025/6/18/video-iran-foreign-ministry-says-any-american-intervention-may-expand-war?traffic_source=rss,Al Jazeera,United States,Technology
Returning Syria’s foreign families,Al Jazeera&#039;s Nils Adler takes us through his journey to find the son of a man who joined ISIL.,"Wed, 18 Jun 2025 12:53:12 +0000",https://www.aljazeera.com/video/between-us/2025/6/18/returning-syrias-foreign-families?traffic_source=rss,Al Jazeera,United States,General
 Israel-Iran live updates: Iran says it never asked to 'grovel' at White House gate,Iran and Israel continued to exchange attacks into Wednesday amid the latest round of conflict between the two nations.,"Wed, 18 Jun 2025 13:48:27 -0400",https://abcnews.go.com/International/live-updates/israel-iran-live-updates/?id=122881565,ABC,United States,General
LIVE:  ABC News Live,24/7 coverage of breaking news and live events,"Wed, 18 Jun 2025 10:29:01 -0400",https://abcnews.go.com/Live/video/abcnews-live-41463246,ABC,Unknown,General
" Fed holds interest rates steady, defying Trump",The Fed has pursued a patient approach as it awaits the effects of tariffs.,"Wed, 18 Jun 2025 14:10:31 -0400",https://abcnews.go.com/Business/fed-expected-hold-interest-rates-steady-defying-trump/story?id=122923521,ABC,United States,Technology
 Man charged with purchasing explosives to attack police at LA protests: DOJ,A man allegedly purchased explosives to use to attack police during protests against the Trump administration's immigration enforcement actions in LA.,"Wed, 18 Jun 2025 14:22:10 -0400",https://abcnews.go.com/US/man-charged-purchasing-explosives-attack-police-la-protests/story?id=122975920,ABC,United States,Technology
WATCH:  Raccoon rescues young cub,"A couple in Franklin, Pennsylvania captured video of a mother raccoon, hanging from her back paws and pulling her kit to safety.","Wed, 18 Jun 2025 11:45:07 -0400",https://abcnews.go.com/GMA/News/video/raccoon-rescues-young-cub-122962323,ABC,Unknown,General
WATCH:  Indonesia volcano spews towering column of ash,Indonesia’s Mount Lewotobi Laki Laki has erupted with giant ash and smoke plumes again after forcing evacuations of villages and flight cancelations.,"Wed, 18 Jun 2025 07:56:00 -0400",https://abcnews.go.com/International/video/indonesia-volcano-spews-towering-column-ash-122961733,ABC,South Africa,Technology
WATCH:  Teen rescued from rip current,Investigators say the 15-year-old Florida boy was at the beach with his family in Martin County when his mother could no longer see him in the water and called authorities for help.,"Wed, 18 Jun 2025 11:42:02 -0400",https://abcnews.go.com/GMA/News/video/teen-rescued-rip-current-122961203,ABC,Unknown,General
"WATCH:  Gratitude hits new altitude as woman writes 10,000 thank you notes","Ellen Webster of Hoboken, New Jersey, has written letters of thanks over 11 years to everyone from doctors to baristas to her favorite authors.","Wed, 18 Jun 2025 09:14:15 -0400",https://abcnews.go.com/US/video/gratitude-hits-new-altitude-woman-writes-10000-notes-122960007,ABC,Unknown,General
WATCH:  Video shows New York City mayoral candidate Brad Lander arrested at immigration court,"Brad Lander was escorting a defendant out of immigration court in Manhattan when he was ""taken by masked agents and detained by ICE,"" his campaign spokesperson said.","Tue, 17 Jun 2025 17:20:02 -0400",https://abcnews.go.com/US/video/video-shows-new-york-city-mayoral-candidate-brad-122944415,ABC,United States,Technology
WATCH:  Tornado spotted near rainbow in Nebraska,A tornado was spotted beside a rainbow in Nebraska as severe storms moved through the region. At least 18 tornadoes were reported across several states Monday.,"Tue, 17 Jun 2025 13:30:05 -0400",https://abcnews.go.com/US/video/tornado-spotted-rainbow-nebraska-122936103,ABC,Unknown,Technology
WATCH:  Spectators save soccer coach's life after collapse,"Andrew Pihlbald, 45, who coaches a U17 boys' soccer team from Jamestown, collapsed after going into cardiac arrest during the second half of a June 4 match at Wilson High School in Wilson, New York.","Tue, 17 Jun 2025 11:43:49 -0400",https://abcnews.go.com/GMA/Living/video/spectators-save-soccer-coachs-life-after-collapse-122921015,ABC,United States,Sports
WATCH:  Police confront 6-foot alligator outside motel,The large reptile got away from its owner while being transported from New York to a zoo in North Carolina. ,"Tue, 17 Jun 2025 06:57:45 -0400",https://abcnews.go.com/US/video/police-confront-6-foot-alligator-motel-122919756,ABC,United States,General
WATCH:  Live broadcast captures moment Israel attacks Iranian state TV,The IDF said the station was targeted because it's at the heart of the regime's communications.,"Mon, 16 Jun 2025 21:32:33 -0400",https://abcnews.go.com/WNT/video/live-broadcast-captures-moment-israel-attacks-iranian-state-122911843,ABC,United States,Technology
WATCH:  Graduating high school senior draws portraits of classmates,"Sofia Nielsen, a graduating senior at Notre Dame Academy in Staten Island, New York, spent two months sketching portraits of all 110 of her classmates.","Tue, 17 Jun 2025 16:16:02 -0400",https://abcnews.go.com/GMA/Living/video/graduating-high-school-senior-draws-portraits-classmates-122921114,ABC,United States,Technology
WATCH:  Celebrating National Mascot Day,"""GMA"" exclusively reveals the National Mascot Hall of Fame's 2025 honorees, joining legendary members like the Phillie Phanatic, Mr. Met and more.","Tue, 17 Jun 2025 11:56:07 -0400",https://abcnews.go.com/GMA/Living/video/celebrating-national-mascot-day-122925931,ABC,United States,General
WATCH:  Doctor uses robot to perform telesurgery on patient thousands of miles away,"ABC News correspondent Dr. Darien Sutton receive an exclusive look at the first FDA trial testing robotic telesurgery with the surgeon in Florida, the patient with prostate cancer in Africa.","Tue, 17 Jun 2025 21:05:16 -0400",https://abcnews.go.com/Technology/video/doctor-robot-perform-telesurgery-patient-thousands-miles-122914343,ABC,United States,Technology
 Trump admin live updates: Trump to delay TikTok ban for 3rd time,"Trump is expected to extend the deadline, which was set to expire on Thursday, requiring China’s ByteDance to divest TikTok’s U.S. business or face a nationwide ban.","Wed, 18 Jun 2025 14:39:18 -0400",https://abcnews.go.com/Politics/live-updates/trump-admin-live-updates/?id=122881881,ABC,United States,General
 Diplomatic breakthrough or military action? Trump's choice on Iran: ANALYSIS ,U.S. officials signaled Tuesday that the next 24 to 48 hours would be critical.,"Wed, 18 Jun 2025 07:44:04 -0400",https://abcnews.go.com/Politics/diplomatic-breakthrough-military-action-trumps-choice-iran-analysis/story?id=122947668,ABC,United States,General
 Trump met with national security team in Situation Room amid Israel-Iran strikes,"Trump's meeting with advisers in the Situation Room was underway on Tuesday afternoon, a White House official confirmed, as Israel and Iran continue to trade strikes.","Tue, 17 Jun 2025 18:53:17 -0400",https://abcnews.go.com/Politics/trump-denies-reaching-iran-threatens-hard-tehran-strikes/story?id=122920648,ABC,United States,General
 Bannon's comments on Iran reflect growing division among Trump's MAGA base,Steve Bannon said it's a mistake for the U.S. to get involved in direct military action against Iran -- urging Trump to question Israeli intel and Netanyahu's warnings.,"Wed, 18 Jun 2025 13:32:43 -0400",https://abcnews.go.com/Politics/bannons-comments-reflect-growing-division-trumps-maga-base/story?id=122972849,ABC,United States,Technology
 What to know about the US bunker-buster bomb and how it could be used against Iran,Israel's escalating conflict with Iran over its increased nuclear as brought up speculation about the possible use of one of America's powerful weapons in the conflict.,"Wed, 18 Jun 2025 07:07:06 -0400",https://abcnews.go.com/Politics/us-bunker-buster-bomb-irans-nuclear-program/story?id=122945512,ABC,United States,Technology
 Vance defends Trump amid attacks from his base over Israel-Iran conflict,Vance defends Trump after supporters like Tucker Carlson and those in the MAGA base's calls to stay out of the Israel-Iran conflict.,"Tue, 17 Jun 2025 14:52:27 -0400",https://abcnews.go.com/Politics/vance-defends-trump-amid-attacks-base-us-involvement/story?id=122935232,ABC,United States,General
 Padilla chokes up on Senate floor recounting being handcuffed at Noem news conference,Sen. Alex Padilla became emotional as he spoke on the Senate floor about being forcibly removed from Homeland Security Secretary Kristi Noem's news conference.,"Tue, 17 Jun 2025 14:06:44 -0400",https://abcnews.go.com/Politics/sen-padilla-chokes-senate-floor-recounting-removal-noem/story?id=122937254,ABC,United States,Politics
 How ranked-choice voting works in the New York City mayoral primary,New York City voters voting in the city's Democratic mayoral primary election will be able to rank their top five candidates thanks to ranked-choice voting.,"Tue, 17 Jun 2025 18:33:14 -0400",https://abcnews.go.com/Politics/ranked-choice-voting-works-new-york-city-mayoral/story?id=122941491,ABC,United States,Politics
 Republicans uncover no new intel on Biden during hearing on his cognitive abilities,The Senate Judiciary Committee is holding a hearing Wednesday examining the cognitive abilities of former President Joe Biden.,"Wed, 18 Jun 2025 14:37:39 -0400",https://abcnews.go.com/Politics/republicans-uncover-new-intel-biden-hearing-cognitive-abilities/story?id=122971024,ABC,United States,Politics
 Amazon begins to ramp up its Zoox robotaxi factory as it gears up to challenge Waymo,"Amazon is gearing up to make as 10,000 robotaxis annually at a sprawling plant near Silicon Valley as it prepares to challenge self-driving cab leader Waymo","Wed, 18 Jun 2025 11:34:40 -0400",https://abcnews.go.com/Technology/wireStory/amazon-begins-ramp-zoox-robotaxi-factory-gears-challenge-122972311,ABC,Brazil,Technology
 Early humans adapting to extreme habitats set stage for global migration: Researchers,"Humans are the only animal that lives in virtually every possible environment, from rainforests to deserts to tundra","Wed, 18 Jun 2025 11:42:14 -0400",https://abcnews.go.com/Technology/wireStory/early-humans-adapted-extreme-habitats-researchers-set-stage-122971688,ABC,Unknown,Technology
 This Australian moth uses the stars as a compass to travel hundreds of miles,"A new study finds an Australian moth follows the stars during its yearly migration, using the night sky as a guiding compass","Wed, 18 Jun 2025 11:26:15 -0400",https://abcnews.go.com/Technology/wireStory/australian-moth-stars-compass-travel-hundreds-miles-122971690,ABC,United States,General
 Astronomers create dazzling map of nearby galaxy in thousands of colors,"Astronomers have revealed a nearby spiral galaxy in all its brilliant glory, shining in thousands of colors","Wed, 18 Jun 2025 13:42:17 -0400",https://abcnews.go.com/Technology/wireStory/astronomers-create-dazzling-elaborate-map-nearby-galaxy-thousands-122962932,ABC,United States,General
 Volcanic eruption in Indonesia forces evacuations and flight cancelations,"Indonesia&rsquo;s Mount Lewotobi Laki Laki has erupted with giant ash and smoke plumes again after forcing evacuations of villages and flight cancelations, including to and from the resort island of Bali","Wed, 18 Jun 2025 02:47:11 -0400",https://abcnews.go.com/Technology/wireStory/volcanic-eruption-indonesia-forces-evacuations-flight-cancelations-122957765,ABC,South Africa,Technology
 Musk's X sues New York over requirement to show how social media platforms handle problematic posts,Elon Musk&rsquo;s X has sued to try to stop New York from requiring reports on how social media platforms define and handle problematic posts,"Tue, 17 Jun 2025 18:46:29 -0400",https://abcnews.go.com/Technology/wireStory/musks-sues-new-york-requirement-show-social-media-122950444,ABC,United States,General
 Senate Republicans double down and target clean energy in draft tax bill,A proposal by Senate Republicans would adjust the pace at which some crucial home energy efficiency and electric vehicle tax credits are phased out in timelines different from what House Republicans proposed in the multitrillion-dollar tax bill they pa...,"Tue, 17 Jun 2025 20:30:29 -0400",https://abcnews.go.com/Technology/wireStory/senate-republicans-double-target-clean-energy-draft-tax-122942601,ABC,United States,Politics
 Iran asks its people to delete WhatsApp from their devices,"Iranian state television has urged people to remove WhatsApp from their smart phones, alleging without specific evidence that the messaging app gathered user information to send to Israel","Tue, 17 Jun 2025 22:06:21 -0400",https://abcnews.go.com/Technology/wireStory/iran-asks-people-delete-whatsapp-devices-122941626,ABC,United States,General
 Eruption of Indonesia's Mount Lewotobi Laki Laki volcano creates ash plume visible 90 miles away,"Mount Lewotobi Laki Laki volcano in south-central Indonesia has erupted, spewing towering columns of hot ash","Wed, 18 Jun 2025 00:06:16 -0400",https://abcnews.go.com/Technology/wireStory/eruption-indonesias-mount-lewotobi-laki-laki-volcano-creates-122952933,ABC,Unknown,General
 Danish military using robotic sailboats for surveillance in Baltic and North seas,Four uncrewed robotic sailboats known as &ldquo;Voyagers&rdquo; have been put into service by the Danish Armed Forces for a three-month trial,"Tue, 17 Jun 2025 06:54:20 -0400",https://abcnews.go.com/Technology/wireStory/danish-military-robotic-sailboats-surveillance-baltic-north-seas-122892796,ABC,United States,Technology
 WhatsApp to start showing ads to users in some parts of the messaging app,"WhatsApp says that users will start seeing ads in some parts of the app, as owner Meta Platforms moves to a cultivate a new revenue stream by tapping the billions of people that use the messaging service","Mon, 16 Jun 2025 11:12:53 -0400",https://abcnews.go.com/Technology/wireStory/whatsapp-start-showing-ads-users-parts-messaging-app-122891842,ABC,United States,General
 How two satellites are mimicking total solar eclipses in space,A pair of European satellites have created the first artificial solar eclipses through precise and fancy formation flying,"Mon, 16 Jun 2025 10:38:36 -0400",https://abcnews.go.com/Technology/wireStory/satellites-mimicking-total-solar-eclipses-space-122891224,ABC,South Africa,Technology
" Trump family announces another venture, a mobile phone company","The Trump family company says it's launching a mobile phone company, the latest in a string of ventures that have been announced while Donald Trump is in the White House","Mon, 16 Jun 2025 09:17:20 -0400",https://abcnews.go.com/Technology/wireStory/trump-family-announces-venture-mobile-phone-company-122887548,ABC,United States,General
 How Prime Video's 'Burn Bar' is changing the way we watch NASCAR,"NASCAR fans have grown accustomed to seeing speed, throttle and braking on broadcasts for years","Sat, 14 Jun 2025 06:30:26 -0400",https://abcnews.go.com/Technology/wireStory/prime-videos-burn-bar-changing-watch-nascar-122839816,ABC,United States,General
" Republican enthusiasm for Musk cools after his feud with Trump, a new poll finds",A new poll finds Elon Musk has lost some of his luster with Republicans since his public falling-out with President Donald Trump,"Fri, 13 Jun 2025 08:02:03 -0400",https://abcnews.go.com/Technology/wireStory/republican-enthusiasm-musk-cools-after-feud-trump-new-122807132,ABC,United States,General
 Meta invests in AI firm Scale and recruits its CEO for 'superintelligence' team,Meta is making a $14.3 billion investment in artificial intelligence company Scale and recruiting its CEO Alexandr Wang to join a team developing &ldquo;superintelligence&rdquo; at the tech giant,"Thu, 12 Jun 2025 22:34:59 -0400",https://abcnews.go.com/Technology/wireStory/meta-invests-143b-ai-firm-scale-recruits-ceo-122799843,ABC,Unknown,Technology
" Shooting on Las Vegas Strip near Bellagio that killed 2 was livestreamed, police say",A new police report released Thursday says two people killed in a shooting over the weekend on the Las Vegas Strip captured it on video while livestreaming to their shared YouTube channel,"Fri, 13 Jun 2025 06:55:23 -0400",https://abcnews.go.com/Technology/wireStory/shooting-las-vegas-strip-bellagio-killed-2-livestreamed-122797764,ABC,Unknown,General
" Space station leak concerns will delay visit by astronauts from India, Poland and Hungary","A chartered spaceflight for India, Poland and Hungary's first astronauts in decades has been delayed indefinitely because of leak concerns at the International Space Station","Thu, 12 Jun 2025 11:18:35 -0400",https://abcnews.go.com/Technology/wireStory/space-station-leak-concerns-delay-visit-astronauts-india-122776609,ABC,United States,General
 A grassland bird eavesdrops on prairie dog calls to keep itself safe from predators,New research says long-billed curlews listen to alarm barks from prairie dog colonies to protect themselves from predators,"Thu, 12 Jun 2025 10:14:25 -0400",https://abcnews.go.com/Technology/wireStory/grassland-bird-eavesdrops-prairie-dog-calls-safe-predators-122772785,ABC,Unknown,Technology
 AI chatbots need more books to learn from. These libraries are opening their stacks,Everything ever said on the internet was just the start of teaching artificial intelligence about humanity,"Thu, 12 Jun 2025 09:17:45 -0400",https://abcnews.go.com/Technology/wireStory/ai-chatbots-books-learn-libraries-opening-stacks-122770839,ABC,United States,Technology
 Coinbase adds former top Obama and Harris adviser Plouffe as it broadens its political reach,Top Democratic strategist David Plouffe is joining Coinbase as an adviser as the cryptocurrency exchange broadens its political reach,"Thu, 12 Jun 2025 07:26:34 -0400",https://abcnews.go.com/Technology/wireStory/coinbase-adds-former-top-obama-harris-adviser-plouffe-122765129,ABC,Unknown,Sports
 Nvidia chief calls AI 'the greatest equalizer' but warns Europe risks falling behind,Will artificial intelligence save humanity &mdash; or destroy it,"Wed, 11 Jun 2025 15:03:56 -0400",https://abcnews.go.com/Technology/wireStory/nvidia-chief-calls-ai-greatest-equalizer-warns-europe-122745910,ABC,Unknown,Technology
 Bayesian yacht that sank off Sicily killing 7 to be raised in late June under updated recovery plan,"A salvage company plans to lift the luxury yacht Bayesian in late June from the Sicilian seabed where it sank last summer, killing seven people","Wed, 11 Jun 2025 13:26:29 -0400",https://abcnews.go.com/Technology/wireStory/bayesian-yacht-sank-off-sicily-killing-7-raised-122740553,ABC,Unknown,Technology
 Google offers buyouts to staff in latest round of cost cutting,"Google has offered buyouts to staff in several divisions in a fresh round of cost cutting, according to a company statement and reports from several news outlets","Wed, 11 Jun 2025 09:01:00 -0400",https://abcnews.go.com/Technology/wireStory/google-offers-buyouts-staff-latest-round-cost-cutting-122726241,ABC,Unknown,General
 Musk says Tesla's robotaxi service to 'tentatively' launch in Austin on June 22,"Elon Musk says Tesla is &ldquo;tentatively&rdquo; set to begin providing robotaxi service in Austin, Texas, on June 22","Wed, 11 Jun 2025 02:59:22 -0400",https://abcnews.go.com/Technology/wireStory/musk-teslas-robotaxi-service-tentatively-launch-austin-june-122716681,ABC,United States,Technology
