id,title,description,date,url,source,country,category
1,Integration to emigration: Why do migrants leave Germany?,"Germany promises opportunity and stability — yet many migrants feel overlooked and excluded. As more consider leaving, their stories point not only to policy gaps, but the need for a deeper societal shift.",2025-07-01,https://www.dw.com/en/integration-to-emigration-why-do-migrants-leave-germany/a-73092293?maca=en-rss-en-ger-1023-rdf,Deutsche Welle,Germany,Conflict
2,UN criticizes Germany over plans to deport people to Afghanistan,Germany’s Interior Minister has said he is open to creating a direct line with the Taliban to enable deportations of Afghans living in Germany. The UN has criticized the plan.,2025-07-04,https://www.dw.com/en/un-criticizes-germany-over-plans-to-deport-people-to-afghanistan/a-73156917?maca=en-rss-en-ger-1023-rdf,Deutsche Welle,Germany,Technology
3,"Germany updates: 1,000 firefighters tackle wildfires in east","Two major wildfires have been burning in the eastern German states of Saxony and Thuringia. Meanwhile, several people were injured when a bus overturned in Mecklenburg-Vorpommern. Follow DW for more.",2025-07-04,https://www.dw.com/en/germany-updates-1-000-firefighters-tackle-wildfires-in-east/live-73152068?maca=en-rss-en-ger-1023-rdf,Deutsche Welle,Germany,Culture
4,Majority of Germans want stricter rules on teenage drinking,Almost two thirds of Germans surveyed support a ban on young teenagers drinking. German health ministers also agree.,2025-07-03,https://www.dw.com/en/majority-of-germans-want-stricter-rules-on-teenage-drinking/a-73140629?maca=en-rss-en-ger-1023-rdf,Deutsche Welle,Germany,Health
5,Germany seeks direct talks with Taliban on deportations,"Signalling a shift in policy, Germany's interior minister has said the need for mediators to negotiate with Afghanistan's rulers is ""not a permanent solution.""",2025-07-03,https://www.dw.com/en/germany-seeks-direct-talks-with-taliban-on-deportations/a-73140673?maca=en-rss-en-ger-1023-rdf,Deutsche Welle,Germany,Politics
6,Euro 2025: Germany win but Gwinn injury casts shadow,"A stunning strike from Jule Brand helped Germany to a winning start at Euro 2025. The 2-0 win over Poland was not as straightforward as many imagined though, and another knee injury to captain Giulia Gwinn is a concern.",2025-07-04,https://www.dw.com/en/euro-2025-germany-win-but-gwinn-injury-casts-shadow/a-73162662?maca=en-rss-en-ger-1023-rdf,Deutsche Welle,Germany,Sports
7,Will Germany's military spending spree deliver broad economic growth?,The German arms industry is thriving thanks to a major state-run investment program. But will the country's wider economy benefit?,2025-07-04,https://www.dw.com/en/will-germany-s-military-spending-spree-deliver-broad-economic-growth/a-73125966?maca=en-rss-en-ger-1023-rdf,Deutsche Welle,Germany,Business
8,Felize dances and parties in Berlin's famous Berghain in her wheelchair. How can German clubs practice inclusion?,Felize dances and parties in Berghain in her wheelchair. How can clubs practice inclusion aside from having awareness teams and wheelchair ramps?,2025-07-04,https://www.dw.com/en/felize-dances-and-parties-in-berlin-s-famous-berghain-in-her-wheelchair-how-can-german-clubs-practice-inclusion/a-73152502?maca=en-rss-en-ger-1023-rdf,Deutsche Welle,Germany,Conflict
9,Kanye to headline Slovakia festival despite releasing pro-Hitler song,"Kanye West, who now goes by the name Ye, is set to perform at a Slovakian festival this July. A petition calls for the rapper to be removed from the lineup.",2025-06-23,https://www.dw.com/en/kanye-to-headline-slovakia-festival-despite-releasing-pro-hitler-song/a-72529448?maca=en-rss-en-ger-1023-rdf,Deutsche Welle,Germany,Conflict
10,How Donald Trump has profited worldwide from his presidency,"With Donald Trump's return to the White House, the Trump family's fortune is surging as many question the line between presidential power and private profit.",2025-07-05,https://www.dw.com/en/how-donald-trump-has-profited-worldwide-from-his-presidency/a-73145728?maca=en-rss-en-all-1573-rdf,Deutsche Welle,United States,Politics
11,Australia: PM denounces synagogue arson attack,A man doused the door of the building in Melbourne and set it alight while 20 worshippers were inside.,2025-07-05,https://www.dw.com/en/australia-pm-denounces-synagogue-arson-attack/a-73167525?maca=en-rss-en-all-1573-rdf,Deutsche Welle,Australia,General
12,Turkey arrests 3 mayors in crackdown on opposition,"A crackdown on Erdogan's rival Republican People's Party continues, as three mayors from southern Turkey are held.",2025-07-05,https://www.dw.com/en/turkey-arrests-3-mayors-in-crackdown-on-opposition/a-73166013?maca=en-rss-en-all-1573-rdf,Deutsche Welle,Turkey,Politics
13,Ukraine hits Russian airfield day after mass wave of strikes,"The Ukrainian military said it hit the Borisoglebsk airfield, home to several Russian military aircraft. Meanwhile, US President Donald Trump has expressed frustration with Vladimir Putin. DW has more.",2025-07-05,https://www.dw.com/en/ukraine-hits-russian-airfield-day-after-mass-wave-of-strikes/live-73165671?maca=en-rss-en-all-1573-rdf,Deutsche Welle,Ukraine,Politics
14,Paris reopens Seine River for public swimming,Parisians have begun bathing in the Seine for the first time in over 100 years after a ban was lifted. The French capital has created three swimming zones along the river as part of its Olympic legacy.,2025-07-05,https://www.dw.com/en/paris-reopens-seine-river-for-public-swimming/a-73163816?maca=en-rss-en-all-1573-rdf,Deutsche Welle,France,Culture
15,Indian PM Modi receives top civilian honor in Trinidad and Tobago,Narendra Modi received Trinidad and Tobago's top honor during a trip to the Caribbean nation. The Indian prime minister has vowed deeper economic partnership between the two sides.,2025-07-05,https://www.dw.com/en/indian-pm-modi-receives-top-civilian-honor-in-trinidad-and-tobago/a-73163569?maca=en-rss-en-all-1573-rdf,Deutsche Welle,Trinidad and Tobago,Politics
16,Rising death toll in Texas floods as children remain missing,Authorities in the US state confirmed more than 20 children who attended a summer camp were still missing as a result of flash floods along the Guadalupe River.,2025-07-05,https://www.dw.com/en/rising-death-toll-in-texas-floods-as-children-remain-missing/a-73162966?maca=en-rss-en-all-1573-rdf,Deutsche Welle,United States,Culture
17,Trump signs 'Big Beautiful Bill' into law,The signature policy enacts key parts of Donald Trump's agenda and could cement his second-term legacy.,2025-07-05,https://www.dw.com/en/trump-signs-big-beautiful-bill-into-law/a-73163263?maca=en-rss-en-all-1573-rdf,Deutsche Welle,United States,Politics
18,Leaders meet for first-ever EU-Moldova summit,"Chisinau is keen to use the first-ever EU-Moldova summit to push harder for bloc membership. Meanwhile, leaders face opposition from within over progress for another contender for accession.",2025-07-04,https://www.dw.com/en/leaders-meet-for-first-ever-eu-moldova-summit/live-73152824?maca=en-rss-en-all-1573-rdf,Deutsche Welle,United States,General
19,LGBTQ+ in Turkey: Insisting on life,"The Turkish government is imposing serious restrictions on people's freedom. LGBTQ+ people are among the worst affected. Their existence is threatened with bans, arrests, and blocked websites. But they're not giving up.",2025-07-04,https://www.dw.com/en/lgbtq-in-turkey-insisting-on-life/a-73161247?maca=en-rss-en-all-1573-rdf,Deutsche Welle,United States,Conflict
20,Pakistan: Several killed in Karachi building collapse,At least seven people have been reported dead Friday after a 5-story building in Karachi's Lyari neighborhood collapsed. Rescuers continue to search for survivors.,2025-07-04,https://www.dw.com/en/pakistan-several-killed-in-karachi-building-collapse/a-73161461?maca=en-rss-en-all-1573-rdf,Deutsche Welle,Pakistan,Conflict
21,Ukraine: Discrimination and hope drive LGBTQ+ soldiers,"Up to 10% of Ukrainian soldiers are thought to be from the LGBTQ+ community. While tolerance is improving, Ukraine still does not guarantee legal equality.",2025-07-04,https://www.dw.com/en/ukraine-discrimination-and-hope-drive-lgbtq-soldiers/a-73109319?maca=en-rss-en-all-1573-rdf,Deutsche Welle,Ukraine,Social Issues
22,Cape Verde celebrates 50 years of independence,"Since gaining freedom from Portugal on July 5, 1975, Cape Verde is regarded as one of West Africa's most stable nations. Overcoming low literacy and inadequate healthcare are just some of its achievements.",2025-07-04,https://www.dw.com/en/cape-verde-celebrates-50-years-of-independence/a-73135520?maca=en-rss-en-all-1573-rdf,Deutsche Welle,Portugal,Technology
23,Football: Ghana star Partey charged with rape in UK,Former Arsenal midfielder Thomas Partey has been charged with five counts of rape in the United Kingdom. The Ghanaian international denies any wrongdoing.,2025-07-04,https://www.dw.com/en/football-ghana-star-partey-charged-with-rape-in-uk/a-73160584?maca=en-rss-en-all-1573-rdf,Deutsche Welle,Ghana,Sports
24,Do EU structures enable far-right misuse of public money?,A leaked audit accuses far-right parties of improperly spending millions in EU funds. Critics say it's not just a scandal but a symptom of the EU system's deeper problems.,2025-07-04,https://www.dw.com/en/do-eu-structures-enable-far-right-misuse-of-public-money/a-73156915?maca=en-rss-en-all-1573-rdf,Deutsche Welle,United States,Culture
25,'One event' arms pause troubling for Ukraine,"The US says its pause on arms shipments is a one-off. But amid the turbulent US-Ukraine relationship, the assurance is little comfort to Volodymyr Zelenskyy or his European supporters.",2025-07-04,https://www.dw.com/en/one-event-arms-pause-troubling-for-ukraine/a-73144853?maca=en-rss-en-all-1573-rdf,Deutsche Welle,Ukraine,Politics
26,Can BRICS project unity amid global tensions?,"The influence of BRICS, a global forum championed by China, Russia, and India, is on the rise. Still, even its major members have to negotiate internal conflicts amid challenges posed by the Trump administration.",2025-07-04,https://www.dw.com/en/can-brics-project-unity-amid-global-tensions/a-73158174?maca=en-rss-en-all-1573-rdf,Deutsche Welle,China,Conflict
27,Why is Iran doubling down on its nuclear program?,"Tehran seems defiant on its nuclear ambitions despite the recent war. The nuclear program, launched with US help during the Shah era, was always a show of strength. Now, it also symbolizes the regime's resilience.",2025-07-04,https://www.dw.com/en/why-is-iran-doubling-down-on-its-nuclear-program/a-73159108?maca=en-rss-en-all-1573-rdf,Deutsche Welle,Iran,Conflict
28,Should we panic about interstellar comet 3I/ATLAS?,"Sometimes ""the universe comes to us,"" writes the European Space Agency. For the third time since 2017, an interstellar object will enter our solar system. What is it and are we prepared?",2025-07-04,https://www.dw.com/en/should-we-panic-about-interstellar-comet-3i-atlas/a-73157878?maca=en-rss-en-all-1573-rdf,Deutsche Welle,United States,Science
29,EU and Germany push for a new World Trade Organization,"Brussels and Berlin have launched a new initiative aimed at bypassing the long-standing paralysis of the World Trade Organization, as caused by the United States. But how viable is such a solution?",2025-07-04,https://www.dw.com/en/eu-and-germany-push-for-a-new-world-trade-organization/a-73143928?maca=en-rss-en-all-1573-rdf,Deutsche Welle,Germany,Business
30,EU-US trade talks: Crunch time looms with no deal in sight,EU and US negotiators are attempting to finalize a deal on tariffs before an impending deadline on July 9. Experts say a no-deal scenario is possible.,2025-07-04,https://www.dw.com/en/eu-us-trade-talks-crunch-time-looms-with-no-deal-in-sight/a-73151994?maca=en-rss-en-all-1573-rdf,Deutsche Welle,United States,Conflict
31,Euro 2025: Plucky newcomer Wales to battle football's giants,"Two decades ago, Wales’ women’s team was prevented from playing by their own bosses because money was needed for the Welsh men's games. Now the women are making their tournament debut.",2025-07-04,https://www.dw.com/en/euro-2025-plucky-newcomer-wales-to-battle-football-s-giants/a-73027856?maca=en-rss-en-all-1573-rdf,Deutsche Welle,United Kingdom,Sports
32,Ozzy Osbourne and Black Sabbathput on one last show,"On July 5, Ozzy Osbourne will reunite with Black Sabbath in his hometown of Birmingham for a farewell concert. Here's a look at the wild life of the ""Prince of Darkness,"" including the time he bit the head off a bat.",2025-07-04,https://www.dw.com/en/ozzy-osbourne-and-black-sabbathput-on-one-last-show/a-73034464?maca=en-rss-en-all-1573-rdf,Deutsche Welle,United Kingdom,Entertainment
33,Ukraine hit by major attack as Trump says Putin won't 'stop',"Russia attacked Ukraine with 550 drones and missiles, as US President Donald Trump said he was disappointed by his latest call with Vladimir Putin.",2025-07-04,https://www.dw.com/en/ukraine-hit-by-major-attack-as-trump-says-putin-won-t-stop/live-73150663?maca=en-rss-en-all-1573-rdf,Deutsche Welle,Ukraine,Politics
34,"Kidjo, Padukone make Hollywood Walk of Fame history",Angelique Kidjo and Deepika Padukone are among several international celebrities recognized alongside American stars such as Miley Cyrus and Timothee Chalamet.,2025-07-03,https://www.dw.com/en/kidjo-padukone-make-hollywood-walk-of-fame-history/a-73150132?maca=en-rss-en-all-1573-rdf,Deutsche Welle,United States,Culture
35,Russia: Is Moscow losing Azerbaijan as an ally?,Relations between Russia and Azerbaijan have cooled following contentious arrests in both countries. Russia may be about to lose even more influence in the Caucasus.,2025-07-03,https://www.dw.com/en/russia-is-moscow-losing-azerbaijan-as-an-ally/a-73147334?maca=en-rss-en-all-1573-rdf,Deutsche Welle,Russian Federation,Technology
36,Euro's climb vs. dollar signals trouble for EU exporters,"Donald Trump's tariffs were meant to prop up the dollar, but the opposite happened. With the euro and others strengthening against the US currency, European exporters and US offshorers could soon feel the pinch.",2025-07-03,https://www.dw.com/en/euro-s-climb-vs-dollar-signals-trouble-for-eu-exporters/a-73103018?maca=en-rss-en-all-1573-rdf,Deutsche Welle,United States,Technology
37,Germany sees surge in shoplifting cases,"A new survey of major German retailers has found a rise in theft, committed by organized gangs or by individuals who find it ever more difficult to make ends meet. But some criminologists doubt the figures.",2025-07-03,https://www.dw.com/en/germany-sees-surge-in-shoplifting-cases/a-73145599?maca=en-rss-en-all-1573-rdf,Deutsche Welle,Germany,Conflict
38,Ukraine updates: Zelenskyy in Denmark to discuss cooperation,Ukrainian President Volodymyr Zelenskyy is meeting Danish Prime Minister Mette Fredericksen and European Commission President Ursula von der Leyen.,2025-07-03,https://www.dw.com/en/ukraine-updates-zelenskyy-in-denmark-to-discuss-cooperation/live-73140417?maca=en-rss-en-all-1573-rdf,Deutsche Welle,Ukraine,Politics
39,French air traffic controller strike strands thousands,"Airlines have had to cancel hundreds of flights as airport staff went on strike, leaving tens of thousands of passengers in the lurch as the summer travel season gets under way.",2025-07-03,https://www.dw.com/en/french-air-traffic-controller-strike-strands-thousands/a-73140444?maca=en-rss-en-all-1573-rdf,Deutsche Welle,United States,Technology
40,Blackpink: The K-pop phenomenon is back on tour,"They're more than a South Korean girl group: As Blackpink kick off their ""Deadline World Tour"" on July 5, a look at how Jisoo, Jennie, Rosé and Lisa break records and set global trends.",2025-07-03,https://www.dw.com/en/blackpink-the-k-pop-phenomenon-is-back-on-tour/a-73115308?maca=en-rss-en-all-1573-rdf,Deutsche Welle,South Korea,General
41,Tour de France 2025: Five things to know,The 112th edition of the Tour de France is the first in five years to be held exclusively in France. DW fills you in on what you need to know.,2025-07-03,https://www.dw.com/en/tour-de-france-2025-five-things-to-know/a-73068134?maca=en-rss-en-all-1573-rdf,Deutsche Welle,France,General
42,Liverpool striker Diogo Jota dies in car crash,"The 28-year-old Portuguese international died near Zamora, in the northwest of Spain. Jota's brother, Andre Silva, also a professional footballer in Portugal, also perished in the accident.",2025-07-03,https://www.dw.com/en/liverpool-striker-diogo-jota-dies-in-car-crash/a-73137948?maca=en-rss-en-all-1573-rdf,Deutsche Welle,Spain,Sports
43,What are urban heat islands?,"Rising global temperatures pose big challenges for city living and fuel talk of ""urban heat islands."" What are they and why do they matter?",2025-07-03,https://www.dw.com/en/what-are-urban-heat-islands/a-73125012?maca=en-rss-en-all-1573-rdf,Deutsche Welle,Unknown,Culture
44,Who were Uralic people? Researchers solve an ancient mystery,"Genetic research traced the ancestral homeland of Uralic people, whose descendants live in Russia, Hungary, Finland and Estonia. But that's not the full story.",2025-07-03,https://www.dw.com/en/who-were-uralic-people-researchers-solve-an-ancient-mystery/a-73136278?maca=en-rss-en-all-1573-rdf,Deutsche Welle,Russian Federation,Science
45,What is BRICS and why does it matter?,"BRICS leaders meet in Brazil this weekend to advance plans to challenge Western dominance. As more nations join the economic bloc, how will BRICS reshape power, trade and influence in a rapidly shifting world?",2025-07-03,https://www.dw.com/en/what-is-brics-and-why-does-it-matter/a-73087358?maca=en-rss-en-all-1573-rdf,Deutsche Welle,Brazil,Business
46,Von der Leyen's European Commission faces no-confidence vote,Messages over COVID vaccines have cast a shadow over Ursula von der Leyen's presidency of the European Commission and the Commission's commitment to transparency.,2025-07-02,https://www.dw.com/en/von-der-leyen-s-european-commission-faces-no-confidence-vote/a-73128322?maca=en-rss-en-all-1573-rdf,Deutsche Welle,Japan,Elections
47,"Amid severe heat wave, EU pitches flexible 2040 climate goal","The EU has unveiled its new climate target, a 90% reduction in emissions by 2040. But not all member states are on board, while a provision to outsource part of the climate efforts abroad has generated controversy.",2025-07-02,https://www.dw.com/en/amid-severe-heat-wave-eu-pitches-flexible-2040-climate-goal/a-73125560?maca=en-rss-en-all-1573-rdf,Deutsche Welle,Unknown,Conflict
48,"Sean 'Diddy' Combs verdict: A trial on fame, consent and #MeToo","The Sean ""Diddy"" Combs' trial tested the limits of fame, power, consent and of the #MeToo movement in an era of AI misinformation and manosphere backlash.",2025-07-02,https://www.dw.com/en/sean-diddy-combs-verdict-a-trial-on-fame-consent-and-metoo/a-73116733?maca=en-rss-en-all-1573-rdf,Deutsche Welle,Saint Kitts and Nevis,Technology
49,DNA shows ancient Egyptians had surprising foreign roots,"Scientists have sequenced the oldest known DNA from ancient Egypt. It belonged to a potter who lived 4,500 years ago. This rare genetic snapshot offers new insights into the diverse ancestry of early Egyptians.",2025-07-02,https://www.dw.com/en/dna-shows-ancient-egyptians-had-surprising-foreign-roots/a-73114279?maca=en-rss-en-all-1573-rdf,Deutsche Welle,Egypt,Science
50,Euro 2025: How is Germany shaping up?,A shock group stage exit at the 2023 World Cup and a number of retirements mean a new look Germany face their first big test at Euro 2025. Germany are the most successful team in Euros history with eight titles.,2025-07-02,https://www.dw.com/en/euro-2025-how-is-germany-shaping-up/a-73114583?maca=en-rss-en-all-1573-rdf,Deutsche Welle,Germany,Sports
51,EU proposes 2040 climate target with carbon credit allowance,The European Commission proposed setting 2040 as the target for a 90% reduction of greenhouse gas emissions. The EU wants to be carbon neutral by 2050.,2025-07-02,https://www.dw.com/en/eu-proposes-2040-climate-target-with-carbon-credit-allowance/a-73115660?maca=en-rss-en-all-1573-rdf,Deutsche Welle,United States,Legal
52,Women's Euro 2025: Zero tolerance for discrimination,"Organizers of Euro 2025 in Switzerland will be placing a particular emphasis on human rights, drawing on experiences UEFA gained at the 2024 Men's European Championship in Germany.",2025-07-02,https://www.dw.com/en/women-s-euro-2025-zero-tolerance-for-discrimination/a-73050730?maca=en-rss-en-all-1573-rdf,Deutsche Welle,Switzerland,Technology
53,Europe heat wave intensifies as fresh warnings issued,"Record-setting temperatures have forced school closures across Europe, with Spain and Portugal bearing the brunt of the heat wave. At least four people have died amid the extreme weather.",2025-07-02,https://www.dw.com/en/europe-heat-wave-intensifies-as-fresh-warnings-issued/live-73108302?maca=en-rss-en-all-1573-rdf,Deutsche Welle,Spain,Culture
54,Extreme heat's hidden health and economic toll,"Heat waves are deadly. As they grow more intense and frequent, their toll is mounting, from overwhelmed hospitals to lost labor hours. But countries can adapt to protect lives and the economy.",2025-07-02,https://www.dw.com/en/extreme-heat-s-hidden-health-and-economic-toll/a-73036205?maca=en-rss-en-all-1573-rdf,Deutsche Welle,Unknown,Business
55,Germany updates: Merz backs not flying rainbow flag,"Germany's chancellor supported the move not to fly the rainbow flag on the Reichstag building, saying ""the Bundestag is not a circus tent."" Meanwhile, Germans try to keep cool amid heatwave conditions.",2025-07-02,https://www.dw.com/en/germany-updates-merz-backs-not-flying-rainbow-flag/live-73114070?maca=en-rss-en-all-1573-rdf,Deutsche Welle,Germany,Politics
56,India accuses Prada of cultural appropriation over sandals,Traditional Kolhapuri chappals have inspired a new Prada design. The luxury brand only acknowledged this fact after critics accused it of replicating the iconic sandals without recognizing the footwear's cultural roots.,2025-07-02,https://www.dw.com/en/india-accuses-prada-of-cultural-appropriation-over-sandals/a-73106939?maca=en-rss-en-all-1573-rdf,Deutsche Welle,India,Technology
57,Too hot to handle: Is this heat the new normal?,"Heat waves are becoming ever more extreme in many places around the world. Sweltering hot temperatures are putting a strain on our bodies, disrupting society and crippling our infrastructure. Can the world adapt?",2025-07-02,https://www.dw.com/en/too-hot-to-handle-is-this-heat-the-new-normal/a-73102745?maca=en-rss-en-all-1573-rdf,Deutsche Welle,Unknown,Science
58,Ukraine updates: US halts some missile deliveries to Kyiv,"The halt of some US weapons shipments represents a blow to Kyiv's efforts to fend off Russia's attacks. Meanwhile, French President Macron and Russia's Putin held talks for the first time in over two-and-a-half years.",2025-07-02,https://www.dw.com/en/ukraine-updates-us-halts-some-missile-deliveries-to-kyiv/live-73113610?maca=en-rss-en-all-1573-rdf,Deutsche Welle,Ukraine,Politics
59,Airlines in turbulence as flight risks rise amid conflicts,"A range of global conflicts, from Ukraine to the Middle East, are reshaping global aviation. Airlines not only have to avoid certain airspaces but also be prepared for possible interference in their flight systems.",2025-07-01,https://www.dw.com/en/airlines-in-turbulence-as-flight-risks-rise-amid-conflicts/a-73107386?maca=en-rss-en-all-1573-rdf,Deutsche Welle,Ukraine,Technology
60,Middle East's cultural treasures vulnerable to conflicts,"During the Israel-Iran war, the countries traded missile and rocket fire that killed and injured hundreds of civilians and put the region's cultural heritage at risk. How can artifacts and historical sites be protected?",2025-07-01,https://www.dw.com/en/middle-east-s-cultural-treasures-vulnerable-to-conflicts/a-73094168?maca=en-rss-en-all-1573-rdf,Deutsche Welle,Israel,Business
61,Germany updates: Iran's envoy summoned over suspected spy,"The German Foreign Ministry said it will not tolerate ""any threat to Jewish life"" in the country. Meanwhile, Germans have been grappling with Europe's first major heat wave this summer. Follow DW for the latest.",2025-07-01,https://www.dw.com/en/germany-updates-iran-s-envoy-summoned-over-suspected-spy/live-73098840?maca=en-rss-en-all-1573-rdf,Deutsche Welle,Germany,Conflict
62,Heat exhaustion or heat stroke: What to do in an emergency,"In recent years, the arrival of summer has been accompanied by record high temperatures. Here's how to stay safe.",2025-07-01,https://www.dw.com/en/heat-exhaustion-or-heat-stroke-what-to-do-in-an-emergency/a-66043116?maca=en-rss-en-all-1573-rdf,Deutsche Welle,United States,General
63,Lost Nazi-era novel becomes bestseller,"Historian and journalist Sebastian Haffner was 24 when he penned an unpublished romance novel set amid Hitler's ominous rise to power. Almost a century later, it's a literary sensation.",2025-07-01,https://www.dw.com/en/lost-nazi-era-novel-becomes-bestseller/a-73099773?maca=en-rss-en-all-1573-rdf,Deutsche Welle,United States,General
64,Azerbaijan police raid Russia's Sputnik media offices,"Azerbaijan's police have stormed Sputnik's Baku bureau, detaining staff as ties with Moscow sour. The raid follows the deaths of two Azerbaijanis in a Russian police operation last week.",2025-06-30,https://www.dw.com/en/azerbaijan-police-raid-russia-s-sputnik-media-offices/a-73097961?maca=en-rss-en-all-1573-rdf,Deutsche Welle,Azerbaijan,Technology
65,Europe heat wave continues as UN chief warns of 'new normal',"Record-breaking heat continues to scorch most of Western Europe. Spain broke its June heat record, and extreme temperatures are expected to move toward Germany by midweek.",2025-06-30,https://www.dw.com/en/europe-heat-wave-continues-as-un-chief-warns-of-new-normal/a-73097029?maca=en-rss-en-all-1573-rdf,Deutsche Welle,Spain,Culture
66,Greek government in crisis after EU subsidy scandal,EU subsidies for growing bananas on Mount Olympus? A scandal concerning illegally obtained EU agricultural subsidies has rocked Greece and led to a number of resignations.,2025-06-30,https://www.dw.com/en/greek-government-in-crisis-after-eu-subsidy-scandal/a-73095982?maca=en-rss-en-all-1573-rdf,Deutsche Welle,Greece,Politics
67,"No Pride, no Palestine: Bundestag boss claims neutrality",Julia Klöckner was seen as a surprise choice for Bundestag president — a role that traditionally requires a calm and neutral presence. But Klöckner is an outspoken woman with a taste for pointed language.,2025-06-30,https://www.dw.com/en/no-pride-no-palestine-bundestag-boss-claims-neutrality/a-73095996?maca=en-rss-en-all-1573-rdf,Deutsche Welle,"Palestine, State of",Politics
68,Germany slashes development aid to boost defense spending,Germany is ramping up defense spending — while cutting funds for development cooperation. Aid organizations warn of the consequences for millions of people in a world beset by wars and crises.,2025-06-30,https://www.dw.com/en/germany-slashes-development-aid-to-boost-defense-spending/a-73093270?maca=en-rss-en-all-1573-rdf,Deutsche Welle,Germany,Conflict
69,'Tipflation:' The growing pitfalls of proper tipping,"Unwritten rules for tipping differ across the world. But a lot of these rules are being stretched to include more workers, and they aren't afraid to ask for 25%. What are shoppers, diners and package recipients to do?",2025-06-30,https://www.dw.com/en/tipflation-the-growing-pitfalls-of-proper-tipping/a-73016403?maca=en-rss-en-all-1573-rdf,Deutsche Welle,Unknown,Conflict
70,Germany: Social Democrats urge ban on far-right AfD party,The Social Democrats say the first legal steps should be taken to ban the far-right Alternative for Germany party as unconstitutional. Conservative lawmakers are less keen on the idea of banning the AfD.,2025-06-30,https://www.dw.com/en/germany-social-democrats-urge-ban-on-far-right-afd-party/a-73087281?maca=en-rss-en-all-1573-rdf,Deutsche Welle,Germany,Politics
71,Euro 2025: 5 things to know about the football tournament,Sixteen of Europe's premier women's national teams are set to compete for continental supremacy. The tournament kicks off in Switzerland on July 2.,2025-06-30,https://www.dw.com/en/euro-2025-5-things-to-know-about-the-football-tournament/a-72924593?maca=en-rss-en-all-1573-rdf,Deutsche Welle,Switzerland,Sports
72,How the manosphere is making misogyny mainstream,Misogynistic influencers with millions of followers propagate toxic masculinity in what has become known as the manosphere.,2025-06-30,https://www.dw.com/en/how-the-manosphere-is-making-misogyny-mainstream/a-73060131?maca=en-rss-en-all-1573-rdf,Deutsche Welle,Unknown,Technology
73,Turkey's largest opposition party CHP set for showdown,"The CHP's presidential candidate is in prison, and its chairman under investigation. Now, a court case is looming. Turkey's largest opposition party, the CHP, is facing a litmus test.",2025-06-30,https://www.dw.com/en/turkey-s-largest-opposition-party-chp-set-for-showdown/a-73067791?maca=en-rss-en-all-1573-rdf,Deutsche Welle,United States,Politics
74,Germany updates: Angela Merkel critcizes asylum policy,"German ex-Chancellor Angela Merkel has slammed the rejection of asylum-seekers at the border under the current government. Meanwhile, the debate on banning the far-right AfD has gained momentum.",2025-06-30,https://www.dw.com/en/germany-updates-angela-merkel-critcizes-asylum-policy/live-73082811?maca=en-rss-en-all-1573-rdf,Deutsche Welle,Germany,Politics
75,"In eastern Germany, youths embrace nationalism, extremism","In many parts of eastern Germany, showing Nazi symbols is no longer seen as a provocation. Authorities are warning that more and more young people are becoming radicalized. DW explored the reasons in the city of Dessau.",2025-06-30,https://www.dw.com/en/in-eastern-germany-youths-embrace-nationalism-extremism/a-73062295?maca=en-rss-en-all-1573-rdf,Deutsche Welle,Germany,Conflict
76,Ukraine updates: Kyiv set to quit anti-land mine treaty,"President Volodymyr Zelenskyy has signed off on Ukraine's withdrawal from Ottawa Convention that bans the use of land mines. Meanwhile, Kyiv confirmed the loss of an F-16 fighter jet.",2025-06-29,https://www.dw.com/en/ukraine-updates-kyiv-set-to-quit-anti-land-mine-treaty/live-73081732?maca=en-rss-en-all-1573-rdf,Deutsche Welle,Ukraine,Politics
77,Europe swelters as early summer heat breaks records,"With temperatures in Spain setting new records for June, authorities warn the heat will intensify through midweek in Europe. The tennis tournament Wimbledon is set for its hottest opening day on record.",2025-06-29,https://www.dw.com/en/europe-swelters-as-early-summer-heat-breaks-records/a-73085364?maca=en-rss-en-all-1573-rdf,Deutsche Welle,Spain,Culture
78,Nearly 20% of cancer drugs defective in 4 African nations,"Across Africa, cancer medications have been found to be substandard or counterfeit. That means people are being given medicine that may not work, or that could even cause them harm.",2025-06-29,https://www.dw.com/en/nearly-20-of-cancer-drugs-defective-in-4-african-nations/a-73062221?maca=en-rss-en-all-1573-rdf,Deutsche Welle,United States,Health
79,Germany: Social Democrats pick Bärbel Bas as new co-leader,"Germany's Social Democratic Party has elected its new leadership, placing Bärbel Bas in office alongside her reelected co-chair Lars Klingbeil.",2025-06-29,https://www.dw.com/en/germany-social-democrats-pick-bärbel-bas-as-new-co-leader/a-73079923?maca=en-rss-en-all-1573-rdf,Deutsche Welle,Germany,Politics
80,Germany and COVID-19: What went wrong?,The German parliament is seeking to assess the political impact of the COVID-19 pandemic. Former Health Minister Jens Spahn is under attack over the possible misuse of public funds.,2025-06-28,https://www.dw.com/en/germany-and-covid-19-what-went-wrong/a-73062579?maca=en-rss-en-all-1573-rdf,Deutsche Welle,Germany,Politics
81,Are designer handbags linked to illegal deforestation?,"Leather from cattle raised in deforested areas and on Indigenous land in the northern Brazilian state of Para is being turned into luxury items in Italy, according to an investigation.",2025-06-28,https://www.dw.com/en/are-designer-handbags-linked-to-illegal-deforestation/a-73044312?maca=en-rss-en-all-1573-rdf,Deutsche Welle,Italy,Conflict
82,German government shows cracks over nuclear energy,"The economy minister attended a meeting of EU states using nuclear energy, even though Germany shut down its last reactor in 2023. The environment minister was quick to insist Germany will stick to its nuclear phaseout.",2025-06-28,https://www.dw.com/en/german-government-shows-cracks-over-nuclear-energy/a-73067507?maca=en-rss-en-all-1573-rdf,Deutsche Welle,Germany,Politics
83,"Who is Lars Klingbeil, Germany's vice chancellor?","Vice chancellor, finance minister, co-leader of Germany's oldest party, the center-left Social Democrats (SPD): This week, Lars Klingbeil faces tough questions by his party.",2025-06-27,https://www.dw.com/en/who-is-lars-klingbeil-germany-s-vice-chancellor/a-72438169?maca=en-rss-en-all-1573-rdf,Deutsche Welle,Germany,Politics
84,China's faltering economy in focus of WEF Tianjin meeting,"The world's second-largest economy is suffering from weak household consumption, and its auto industry is particularly vulnerable. DW's editor-in-chief reports from the ""Summer Davos"" in Tianjin.",2025-06-27,https://www.dw.com/en/china-s-faltering-economy-in-focus-of-wef-tianjin-meeting/a-73057237?maca=en-rss-en-all-1573-rdf,Deutsche Welle,China,Business
85,How do renewables contribute to energy security?,The Israel-Iran war is the latest in a series of geopolitical crises that have placed fossil fuel access in jeopardy. Is renewable energy a safer bet in times of insecurity?,2025-06-27,https://www.dw.com/en/how-do-renewables-contribute-to-energy-security/a-73047739?maca=en-rss-en-all-1573-rdf,Deutsche Welle,Israel,Politics
86,Germany suspends refugees' family reunification,Parliament has approved government plans to stop family members of individuals with subsidiary protection status from moving to Germany. The controversial move will affect Syrian families in particular.,2025-06-27,https://www.dw.com/en/germany-suspends-refugees-family-reunification/a-72565576?maca=en-rss-en-all-1573-rdf,Deutsche Welle,Germany,Politics
87,Why more Germans can't afford life on their wages,"German politicians are fond of saying, ""Work must be worth it."" But ever more full-time workers need state benefits, and the new minimum wage hike is seen as disappointing.",2025-06-27,https://www.dw.com/en/why-more-germans-can-t-afford-life-on-their-wages/a-73058647?maca=en-rss-en-all-1573-rdf,Deutsche Welle,United States,Politics
88,'Vogue' editor Anna Wintour: Her iconic and controversial moments,"As the influential ""Vogue"" editor steps down after a 37-year reign, here's a look at how she turned the magazine into the world's fashion bible — and why she has many critics.",2025-06-27,https://www.dw.com/en/vogue-editor-anna-wintour-her-iconic-and-controversial-moments/a-70632960?maca=en-rss-en-all-1573-rdf,Deutsche Welle,Unknown,Sports
89,Controversial German-Brazilian nuclear agreement turns 50,"On June 27, 1975, Germany and Brazil signed a treaty on cooperation in the field of nuclear energy. Despite Germany's nuclear phaseout, it still applies today.",2025-06-27,https://www.dw.com/en/controversial-german-brazilian-nuclear-agreement-turns-50/a-72984787?maca=en-rss-en-all-1573-rdf,Deutsche Welle,Germany,Conflict
90,Will AI really shrink workforces as Amazon boss says?,Andy Jassy is not the first executive to warn about the broader adoption of artificial intelligence and how it will fundamentally reshape the workforce. Are the doomsayers right?,2025-06-26,https://www.dw.com/en/will-ai-really-shrink-workforces-as-amazon-boss-says/a-73029384?maca=en-rss-en-all-1573-rdf,Deutsche Welle,United States,Business
91,Is Donald Trump making Europe great again?,"The US president's erratic trade policy is unnerving investors in the US, while at the same time opening up opportunities for European businesses to capture their attention. Will they seize the moment?",2025-06-25,https://www.dw.com/en/is-donald-trump-making-europe-great-again/a-73024413?maca=en-rss-en-all-1573-rdf,Deutsche Welle,United States,Business
92,Club World Cup: Football players and fans languish in extreme heat,"Slow-paced soccer matches, sweltering players and complaints about the heat have been the themes of the Club World Cup. Organizers FIFA say they take reasonable precautions but many see a major safety concern.",2025-06-25,https://www.dw.com/en/club-world-cup-football-players-and-fans-languish-in-extreme-heat/a-73034673?maca=en-rss-en-all-1573-rdf,Deutsche Welle,Unknown,Technology
93,Why does Germany pay taxes for Russian propaganda?,"The ""Russian House"" still stands in the heart of Berlin. Critics say it is used to spread propaganda for Putin's Russia. Meanwhile, Germany pays property taxes for the land.",2025-06-25,https://www.dw.com/en/why-does-germany-pay-taxes-for-russian-propaganda/a-73037945?maca=en-rss-en-all-1573-rdf,Deutsche Welle,Germany,Culture
94,Need for vigilance amid new 'Nimbus' COVID variant,A new Omicron subvariant has caused infections and deaths in South and Southeast Asia. Europe may see a spike after population immunity fell over the winter.,2025-06-25,https://www.dw.com/en/need-for-vigilance-amid-new-nimbus-covid-variant/a-73035887?maca=en-rss-en-all-1573-rdf,Deutsche Welle,United States,Health
95,Germany updates: Berlin to end migrant rescue NGO funding,"The German Foreign Ministry said it would no longer fund NGOs rescuing migrants in distress at sea. Meanwhile, police launched a nationwide operation targeting people suspected of inciting hate online.",2025-06-25,https://www.dw.com/en/germany-updates-berlin-to-end-migrant-rescue-ngo-funding/live-73028923?maca=en-rss-en-all-1573-rdf,Deutsche Welle,Germany,Politics
96,German football bosses fined over 2006 World Cup scandal,A German court has fined the country's football association over a scandal connected to the hosting of the 2006 World Cup. The trial had been going on for more than a decade.,2025-06-25,https://www.dw.com/en/german-football-bosses-fined-over-2006-world-cup-scandal/a-73032428?maca=en-rss-en-all-1573-rdf,Deutsche Welle,United States,Sports
97,German court lifts ban on far-right Compact magazine,"Judges ruled in favor of the monthly publication, citing freedom of expression protections. The decision could also have consequences for the ongoing debate on banning Germany's far-right AfD party.",2025-06-25,https://www.dw.com/en/german-court-lifts-ban-on-far-right-compact-magazine/a-72860076?maca=en-rss-en-all-1573-rdf,Deutsche Welle,Germany,Conflict
98,Jordan's women aiming to follow men to World Cup,"Jordan's men have qualified for their first World Cup, providing excitement for the country and inspiration for the women to follow in their footsteps at the 2027 Women's World Cup.",2025-06-25,https://www.dw.com/en/jordan-s-women-aiming-to-follow-men-to-world-cup/a-73024054?maca=en-rss-en-all-1573-rdf,Deutsche Welle,Jordan,Technology
99,'Miracle' HIV drug lenacapavir approved amid drastic US health budget cuts,"The US has approved lenacapavir for HIV prevention. However, experts worry that cuts to the health budget will ""squander"" the drug's chance of reducing infections.",2025-06-24,https://www.dw.com/en/miracle-hiv-drug-lenacapavir-approved-amid-drastic-us-health-budget-cuts/a-73023089?maca=en-rss-en-all-1573-rdf,Deutsche Welle,United States,Health
100,Germany captain Giulia Gwinn: Perseverance and positivity,"Giulia Gwinn has big boots to fill, having taken over from retired captain Alexandra Popp just a few months ago. The new captain told DW that Euro 2025 is about much more than Germany's performance on the pitch.",2025-06-24,https://www.dw.com/en/germany-captain-giulia-gwinn-perseverance-and-positivity/a-73021794?maca=en-rss-en-all-1573-rdf,Deutsche Welle,Germany,Sports
101,Why Germany's former chancellor has triggered fresh outrage,Ex-Chancellor Olaf Scholz is to receive a state-paid office with a staff of eight. Opposition parties say this is too much.,2025-06-24,https://www.dw.com/en/why-germany-s-former-chancellor-has-triggered-fresh-outrage/a-73022746?maca=en-rss-en-all-1573-rdf,Deutsche Welle,Germany,Politics
102,Over 20% of Europeans exposed to unhealthy noise pollution,"More than 100 million people are impacted by transport noise at levels harmful to human health, the environment and economy, says a new EU report.",2025-06-24,https://www.dw.com/en/over-20-of-europeans-exposed-to-unhealthy-noise-pollution/a-73019361?maca=en-rss-en-all-1573-rdf,Deutsche Welle,Unknown,Elections
103,Rheingau Music Festival experiments with classical format,"The Rheingau Music Festival 2025 continues its classical music focus but intersperses elements of pop, electronic and world music to elevate the senses.",2025-06-24,https://www.dw.com/en/rheingau-music-festival-experiments-with-classical-format/a-73020378?maca=en-rss-en-all-1573-rdf,Deutsche Welle,United States,Science
104,"Germany updates: Merz condemns Russia, urges Gaza ceasefire","Ahead of a NATO summit, German Chancellor Merz focused on Germany's role in the Israel-Iran war and Ukraine during his speech to Bundestag lawmakers and the nation. DW has the latest.",2025-06-24,https://www.dw.com/en/germany-updates-merz-condemns-russia-urges-gaza-ceasefire/live-73013207?maca=en-rss-en-all-1573-rdf,Deutsche Welle,Germany,Politics
105,NATO summit: Germany's military faces new challenges,"More money for defense, more troops: At a summit in The Hague, NATO wants to set ambitious goals. What does this mean for Germany's military, the Bundeswehr?",2025-06-24,https://www.dw.com/en/nato-summit-germany-s-military-faces-new-challenges/a-72987209?maca=en-rss-en-all-1573-rdf,Deutsche Welle,Germany,Conflict
106,Kirsty Coventry becomes IOC's first female president,Zimbabwe's Kirsty Coventry was elected as the first woman and the first person from Africa to the post of International Olympic Committee president in March. She has now taken over from Thomas Bach of Germany.,2025-06-23,https://www.dw.com/en/kirsty-coventry-becomes-ioc-s-first-female-president/a-71949782?maca=en-rss-en-all-1573-rdf,Deutsche Welle,Zimbabwe,Sports
107,Uranium: It's radioactive and it's everywhere,"More common than gold, uranium is abundant on Earth. But less than 1% of the naturally occurring element is useful for nuclear power.",2025-06-23,https://www.dw.com/en/uranium-it-s-radioactive-and-it-s-everywhere/a-65030368?maca=en-rss-en-all-1573-rdf,Deutsche Welle,United States,Science
108,"What is the Strait of Hormuz, and could Iran block it?","The Strait of Hormuz is considered the world's most important gateway for oil transport. With Iran now threatening to close the waterway, industrialized nations are on edge.",2025-06-23,https://www.dw.com/en/what-is-the-strait-of-hormuz-and-could-iran-block-it/a-72952336?maca=en-rss-en-all-1573-rdf,Deutsche Welle,Iran,Conflict
109,How China wields rare earths as a strategic weapon,"China's grip on rare earths — vital for smartphones, EVs and military tech — has left the US, Europe and India vulnerable. Until global supplies increase, Beijing wields great power over the West's critical industries.",2025-06-23,https://www.dw.com/en/how-china-wields-rare-earths-as-a-strategic-weapon/a-72868760?maca=en-rss-en-all-1573-rdf,Deutsche Welle,China,Technology
110,Isaiah Hartenstein becomes second German to win NBA title,It's been 14 years since the Dallas Mavericks' Dirk Nowitzki became the first German to win an NBA championship. Now Isaiah Hartenstein of the Oklahoma City Thunder has become the second.,2025-06-23,https://www.dw.com/en/isaiah-hartenstein-becomes-second-german-to-win-nba-title/a-72621014?maca=en-rss-en-all-1573-rdf,Deutsche Welle,Germany,Technology
111,Indian-German design duo make upcycled art to highlight fashion waste,"An Indian architect and German fashion designer work as Bouley Gandhi, making recycled artworks that shine a light on throwaway fast fashion.",2025-06-23,https://www.dw.com/en/indian-german-design-duo-make-upcycled-art-to-highlight-fashion-waste/a-72965250?maca=en-rss-en-all-1573-rdf,Deutsche Welle,India,Culture
112,Florian Wirtz joins Liverpool to become Germany's most expensive footballer,"The most expensive transfer in Bundesliga history is complete. Florian Wirtz is leaving Bayer Leverkusen for English champions Liverpool, the next step in an already remarkable career.",2025-06-23,https://www.dw.com/en/florian-wirtz-joins-liverpool-to-become-germany-s-most-expensive-footballer/a-72883408?maca=en-rss-en-all-1573-rdf,Deutsche Welle,United Kingdom,Sports
113,"Americans more vulgar online than Brits, Aussies — study",Linguists analyzed websites and blogs to determine where vulgarity was most common. They found Americans swear more on the internet than other English-speaking groups.,2025-06-20,https://www.dw.com/en/americans-more-vulgar-online-than-brits-aussies-study/a-72986152?maca=en-rss-en-all-1573-rdf,Deutsche Welle,United States,Culture
114,How dangerous are invasive insects in Europe?,"Invasive insects like the tiger mosquito and the Asian hornet are becoming increasingly common across Europe, with devastating consequences for human health, agriculture and the environment.",2025-06-20,https://www.dw.com/en/how-dangerous-are-invasive-insects-in-europe/a-72985905?maca=en-rss-en-all-1573-rdf,Deutsche Welle,United States,Health
115,"'Crunch time' for climate action, scientists warn","The world is running out of time to rein in human-driven climate change, with top UN scientists warning that key indicators are now in uncharted territory.",2025-06-19,https://www.dw.com/en/crunch-time-for-climate-action-scientists-warn/a-72974250?maca=en-rss-en-all-1573-rdf,Deutsche Welle,Unknown,Environment
116,Coco Gauff calls on social media platforms to tackle abuse,"After the Women's Tennis Association detailed abuse against nearly 500 female players, French Open champion Coco Gauff says more action needs to be taken against online abusers.",2025-06-18,https://www.dw.com/en/coco-gauff-calls-on-social-media-platforms-to-tackle-abuse/a-72964974?maca=en-rss-en-all-1573-rdf,Deutsche Welle,United States,Technology
117,"Who killed Patrice Lumumba, DR Congo's first prime minister?","For Juliana Lumumba, Patrice Lumumba wasn't just an independence leader and politician. He has her father. That's why she continues to call for the truth about Lumumba's assassination 64 years ago.",2025-06-18,https://www.dw.com/en/who-killed-patrice-lumumba-dr-congo-s-first-prime-minister/a-72949990?maca=en-rss-en-all-1573-rdf,Deutsche Welle,United States,Conflict
118,Can Israel's economy withstand multiple conflicts?,"With Israel fighting on at least two fronts, the country's finances and economy are strained. The government hopes higher taxes can cover some of the bills while its high-tech industry remains a safe investment.",2025-06-18,https://www.dw.com/en/can-israel-s-economy-withstand-multiple-conflicts/a-72960150?maca=en-rss-en-all-1573-rdf,Deutsche Welle,Israel,Politics
119,Star pianist Alfred Brendel dies at 94,"Hailed as one of the greatest musicians of the last century, the pianist Alfred Brendel passed away at his home in London at age 94.",2025-06-18,https://www.dw.com/en/star-pianist-alfred-brendel-dies-at-94/a-56136983?maca=en-rss-en-all-1573-rdf,Deutsche Welle,United Kingdom,Culture
120,The 50+1 rule in German football: What you need to know,"In Germany, the 50+1 rule protects professional football clubs from complete control by investors. This feature has many supporters internationally but also attracts criticism.",2025-06-18,https://www.dw.com/en/the-50-1-rule-in-german-football-what-you-need-to-know/a-72952820?maca=en-rss-en-all-1573-rdf,Deutsche Welle,Germany,Conflict
121,Major oil companies face first 'climate death' lawsuit,"Climate-change induced extreme heat killed a woman in Seattle, now her daughter is sueing oil and gas giants including BP and Shell for wrongful death. Can the first ""death by climate disaster"" claim in the USA succeed?",2025-06-18,https://www.dw.com/en/major-oil-companies-face-first-climate-death-lawsuit/a-72899631?maca=en-rss-en-all-1573-rdf,Deutsche Welle,United States,Culture
122,Leo Baeck Institute: 70 years marking German-Jewish heritage,"Founded after the Holocaust, the Leo Baeck Institute marks 70 years of preserving the heritage of German-speaking Jews.",2025-06-18,https://www.dw.com/en/leo-baeck-institute-70-years-marking-german-jewish-heritage/a-72949728?maca=en-rss-en-all-1573-rdf,Deutsche Welle,United States,Culture
123,Hohenzollern: Germany's ex-royals strike deal over family riches after almost 100 years,"After years of legal wrangling, the German state and Hohenzollern family — heirs to the former German imperial dynasty — have reached a settlement over thousands of precious items, including paintings and furniture.",2025-06-17,https://www.dw.com/en/hohenzollern-germany-s-ex-royals-strike-deal-over-family-riches-after-almost-100-years/a-64969994?maca=en-rss-en-all-1573-rdf,Deutsche Welle,Germany,Legal
124,Betting ads swamp Brazilian football as addiction spikes,Exclusive DW data shows how gambling ads at Brazilian football matches are more prevalent than in any other major league. This has huge financial and mental health implications that lawmakers have been slow to deal with.,2025-06-17,https://www.dw.com/en/betting-ads-swamp-brazilian-football-as-addiction-spikes/a-72941493?maca=en-rss-en-all-1573-rdf,Deutsche Welle,United States,Politics
125,Appendix cancer rates rise in young people — but why?,It is the latest cancer to affect young people more now than in decades. Researchers trying to explain the rise in cases are zoning in on environmental factors.,2025-06-17,https://www.dw.com/en/appendix-cancer-rates-rise-in-young-people-but-why/a-72943469?maca=en-rss-en-all-1573-rdf,Deutsche Welle,South Africa,Technology
126,Drought has many faces and many impacts,"Extreme drought and water shortages are increasingly harming crops, the economy and the lives of people around the world. But drought doesn't have the same impact everywhere. What can we do to alleviate water crises?",2025-06-17,https://www.dw.com/en/drought-has-many-faces-and-many-impacts/a-72935093?maca=en-rss-en-all-1573-rdf,Deutsche Welle,Unknown,Social Issues
127,Bach's music sounds out against war and discrimination,"From the St. John to St. Matthew Passion, contemporary arrangements of Bach masterpieces at the Leipzig Bach Festival highlight oppression and conflict.",2025-06-17,https://www.dw.com/en/bach-s-music-sounds-out-against-war-and-discrimination/a-72939455?maca=en-rss-en-all-1573-rdf,Deutsche Welle,United States,Technology
128,Why Israel is hitting Iran's vital energy infrastructure,"As Israel and Iran attack each other with missiles, Israel is especially targeting key oil and gas facilities. That could have a major impact on Iran's economy.",2025-06-16,https://www.dw.com/en/why-israel-is-hitting-iran-s-vital-energy-infrastructure/a-72936222?maca=en-rss-en-all-1573-rdf,Deutsche Welle,Israel,Business
129,Twin Proba-3 spacecraft create artificial solar eclipse,"In a precision flying formation, the European Space Agency mission revealed new insights into the sun's mysterious outer atmosphere, or solar corona.",2025-06-16,https://www.dw.com/en/twin-proba-3-spacecraft-create-artificial-solar-eclipse/a-72935564?maca=en-rss-en-all-1573-rdf,Deutsche Welle,United States,Science
130,Pushy sporting parents: How far is too far?,The trial of Norwegian double Olympic champion Jakob Ingebrigtsen's father has ended. Gjert Ingebrigtsen was found innocent of abusing his son but guilty of violence against his daughter. It's not an isolated case.,2025-06-16,https://www.dw.com/en/pushy-sporting-parents-how-far-is-too-far/a-72123964?maca=en-rss-en-all-1573-rdf,Deutsche Welle,United States,Technology
131,What can governments do to stop extreme heating?,Most countries globally have agreed to set their own goals to keep the planet from overheating. The pressure is now on for them to do so.,2025-06-16,https://www.dw.com/en/what-can-governments-do-to-stop-extreme-heating/a-72926148?maca=en-rss-en-all-1573-rdf,Deutsche Welle,Unknown,Politics
132,Aviation shake-up: Airbus surges ahead of Boeing,"Boeing dominated the commercial passenger aircraft market for a long time, but it has lost its title as the world's biggest planemaker to Airbus because it's been making headlines for all the wrong reasons.",2025-06-16,https://www.dw.com/en/aviation-shake-up-airbus-surges-ahead-of-boeing/a-72919095?maca=en-rss-en-all-1573-rdf,Deutsche Welle,United States,Business
133,Spain housing crisis: Locals blame tourists and speculators,"Short-term rentals are worsening Spain's housing crisis, while investor demand continues to drive up prices. For many locals, the situation is devastating.",2025-06-15,https://www.dw.com/en/spain-housing-crisis-locals-blame-tourists-and-speculators/a-72816676?maca=en-rss-en-all-1573-rdf,Deutsche Welle,Spain,Conflict
134,Milei urges Argentines to bank 'mattress dollars' as proof of trust in recovery,Argentina's libertarian President Javier Milei has his sights set on an estimated $271 billion in cash stashed away by his fellow citizens to survive economic hardships.,2025-06-15,https://www.dw.com/en/milei-urges-argentines-to-bank-mattress-dollars-as-proof-of-trust-in-recovery/a-72889262?maca=en-rss-en-all-1573-rdf,Deutsche Welle,Argentina,Politics
135,VW in Brazil: A dark history,Brazil is one of VW's most critical foreign bases. The company's past in the country is blighted by decades of human rights abuses and exploitation.,2025-06-15,https://www.dw.com/en/vw-in-brazil-a-dark-history/a-72863310?maca=en-rss-en-all-1573-rdf,Deutsche Welle,Brazil,Culture
136,How the LA protests may boost appetite for authoritarianism,"Psychological research suggests far-right narratives about social breakdown could lead to more support for US President Trump and authoritarianism, not less.",2025-06-14,https://www.dw.com/en/how-the-la-protests-may-boost-appetite-for-authoritarianism/a-72898958?maca=en-rss-en-all-1573-rdf,Deutsche Welle,Laos,Science
137,Can lab-made blood make up for global shortages?,"Many countries lack blood donors. The quest to create an artificial, lab-made blood type that could make up for supply shortages is extremely difficult. But there are some technologies that offer hope.",2025-06-13,https://www.dw.com/en/can-lab-made-blood-make-up-for-global-shortages/a-72874887?maca=en-rss-en-all-1573-rdf,Deutsche Welle,United States,Technology
138,Why do countries want rare earth elements?,"What do electric vehicles, fighter jets and digital cameras have in common? Rare earth elements. They're wanted everywhere but can only be sourced from a few places.",2025-06-13,https://www.dw.com/en/why-do-countries-want-rare-earth-elements/a-72734530?maca=en-rss-en-all-1573-rdf,Deutsche Welle,Unknown,Culture
139,Oil prices soar as Iran-Israel tensions shake global economy,"Israel's attack on Iran has jolted financial markets, as fears grow of a regional conflict that could disrupt oil supplies. The tensions come at a time of heightened uncertainty, driven by Trump's tariff policies.",2025-06-13,https://www.dw.com/en/oil-prices-soar-as-iran-israel-tensions-shake-global-economy/a-72892747?maca=en-rss-en-all-1573-rdf,Deutsche Welle,Iran,Business
140,Germany names squad for Women's Euros,There were no major surprises as Germany women's coach Christian Wück nominated his final squad for this summer's Euro 2025 in Switzerland. Germany are looking to go one better than the last tournament.,2025-06-12,https://www.dw.com/en/germany-names-squad-for-women-s-euros/a-72886463?maca=en-rss-en-all-1573-rdf,Deutsche Welle,Germany,Sports
141,FIFA Club World Cup: What you need to know,The Club World Cup is set to kick off in the United States to crown the world's best – with more teams than ever before. But it is far from universally loved.,2025-06-12,https://www.dw.com/en/fifa-club-world-cup-what-you-need-to-know/a-72857296?maca=en-rss-en-all-1573-rdf,Deutsche Welle,"Virgin Islands, U.S.",Sports
142,"Europe's EV sales rebound, but consumer doubts remain","After a slowdown last year, electric vehicle sales in Europe are powering ahead. But adoption is uneven, and lingering consumer doubts over batteries and costs threaten to slow the charge.",2025-06-11,https://www.dw.com/en/europe-s-ev-sales-rebound-but-consumer-doubts-remain/a-72820823?maca=en-rss-en-all-1573-rdf,Deutsche Welle,Unknown,Business
143,EU and US continue to grapple with child labor,"June 12 is World Day Against Child Labor as promoted by the International Labour Organization and UNICEF. Despite some progress, around one in 10 children globally work in ways that are deemed harmful or illegal.",2025-06-11,https://www.dw.com/en/eu-and-us-continue-to-grapple-with-child-labor/a-72874571?maca=en-rss-en-all-1573-rdf,Deutsche Welle,United States,Culture
144,Former Germany star Lina Magull opens up about mental health struggles,Former Germany player Lina Magull says she has recovered her passion both for football and life — and credits a psychiatric clinic stay with helping her to recover.,2025-06-11,https://www.dw.com/en/former-germany-star-lina-magull-opens-up-about-mental-health-struggles/a-72873698?maca=en-rss-en-all-1573-rdf,Deutsche Welle,Germany,Health
145,"AI art can't match human creativity, yet — researchers","Generative AI models are bad at representing things that require human senses, like smell and touch. Their creativity is 'hollow and shallow,' say experts.",2025-06-11,https://www.dw.com/en/ai-art-can-t-match-human-creativity-yet-researchers/a-72873303?maca=en-rss-en-all-1573-rdf,Deutsche Welle,Unknown,Technology
146,World Cup 2026: How much of an impact could host politics have?,"A year out from a football World Cup across three countries, tensions between the US, Canada and Mexico hang over preparations. From travel bans and trade wars to presidential grandstanding, politics could play a part.",2025-06-11,https://www.dw.com/en/world-cup-2026-how-much-of-an-impact-could-host-politics-have/a-72856488?maca=en-rss-en-all-1573-rdf,Deutsche Welle,United States,Politics
147,What's the state of our oceans?,"Climate change, plastic pollution and overfishing are taking their toll on oceans, biodiversity and livelihoods. Can the UN's ocean conference underway in France find solutions to help protect them?",2025-06-10,https://www.dw.com/en/what-s-the-state-of-our-oceans/a-72855805?maca=en-rss-en-all-1573-rdf,Deutsche Welle,France,Science
148,"Why NASA, ESA and others want to return to moon","Almost six decades since humans first walked on the moon, space agencies and commercial companies want to use it as a gateway to Mars. But that's not all.",2025-06-08,https://www.dw.com/en/why-nasa-esa-and-others-want-to-return-to-moon/a-72758731?maca=en-rss-en-all-1573-rdf,Deutsche Welle,United States,Science
149,Fecal transplants: Study is a 'wake-up call' for the field,"They are hailed as a promising method to restore gut microbiomes, but a study suggests fecal transplants may bring unintended health risks.",2025-06-06,https://www.dw.com/en/fecal-transplants-study-is-a-wake-up-call-for-the-field/a-72817699?maca=en-rss-en-all-1573-rdf,Deutsche Welle,Unknown,Health
150,What Trump-Musk feud means for tech billionaire's business empire,"Tesla CEO Elon Musk spent some $300 million on Donald Trump's campaign, gaining unprecedented access to the Republican president's administration. What does their public row mean for Musk's empire?",2025-06-06,https://www.dw.com/en/what-trump-musk-feud-means-for-tech-billionaire-s-business-empire/a-72811209?maca=en-rss-en-all-1573-rdf,Deutsche Welle,United States,Business
151,"Adapting roads, rails and bridges to extreme heat","The highways, railways and bridges that keep economies and communities thriving were not built to withstand rising temperatures. How can we stop them from melting down?",2025-06-06,https://www.dw.com/en/adapting-roads-rails-and-bridges-to-extreme-heat/a-72563060?maca=en-rss-en-all-1573-rdf,Deutsche Welle,Unknown,Conflict
152,Japan's ispace fails second lunar landing mission,Japanese startup failed to land its unmanned Resilience craft on the moon. The mission was aborted as it was likely the craft had crashed after losing contact.,2025-06-06,https://www.dw.com/en/japan-s-ispace-fails-second-lunar-landing-mission/a-72810183?maca=en-rss-en-all-1573-rdf,Deutsche Welle,Japan,Technology
153,How hard is fire fighting as temperatures rise?,Veteran 'hotshot' firefighter Kelly Ramsey has seen how the changing climate is taking its toll on crews working to keep land and lives safe.,2025-06-05,https://www.dw.com/en/how-hard-is-fire-fighting-as-temperatures-rise/a-72762835?maca=en-rss_en_environment-22607-xml-mrss,Deutsche Welle,Unknown,Environment
154,How Europe is planning to cope with drought,"As crucial waterways run low and Europe's farmers worry about their crops, the European Union is trying to come up with a strategy to keep the water flowing.",2025-06-04,https://www.dw.com/en/how-europe-is-planning-to-cope-with-drought/a-72651580?maca=en-rss_en_environment-22607-xml-mrss,Deutsche Welle,United States,Environment
155,What is the answer to overtourism?,Many popular holiday destinations are struggling from the environmental impact of huge visitor numbers. How can the issue be tackled?,2025-06-03,https://www.dw.com/en/what-is-the-answer-to-overtourism/a-72700713?maca=en-rss_en_environment-22607-xml-mrss,Deutsche Welle,Unknown,Environment
156,How does Switzerland predict landslides?,"Switzerland is a success story in predicting landslides — but more must be done to help the rest of the world prepare for these deadly, unpredictable disasters.",2025-05-30,https://www.dw.com/en/how-does-switzerland-predict-landslides/a-72739293?maca=en-rss_en_environment-22607-xml-mrss,Deutsche Welle,Switzerland,Environment
157,What are the real impacts of melting glaciers?,"Glaciers are the planet's frozen water banks. They sustain water supply, ecosystems and even cultural traditions. But many of these sprawling beds of ice are melting. Why does that matter?",2025-05-30,https://www.dw.com/en/what-are-the-real-impacts-of-melting-glaciers/a-72701132?maca=en-rss_en_environment-22607-xml-mrss,Deutsche Welle,United States,Environment
158,German court rejects climate case against energy giant RWE,Judges have dismissed a climate case brought by a Peruvian farmer against German energy company RWE seeking damages for endangering his home due to melting glaciers.,2025-05-28,https://www.dw.com/en/german-court-rejects-climate-case-against-energy-giant-rwe/a-72693362?maca=en-rss_en_environment-22607-xml-mrss,Deutsche Welle,Germany,Environment
159,Is Berlin in a 'club death' spiral?,"Two iconic Berlin techno clubs recently announced they will close. Rising rents and falling profits are partly to blame, but is the city also losing its nightlife luster?",2024-09-27,https://www.dw.com/en/is-berlin-in-a-club-death-spiral/a-70341859?maca=en-rss-en-cul-2090-rdf,Deutsche Welle,Germany,Culture
160,How techno shapes the future,"Techno is harder, faster and more diverse than ever. But what about the much-heralded unifying power of techno? Is this just a cliché?",2023-10-13,https://www.dw.com/en/how-techno-shapes-the-future/a-67089502?maca=en-rss-en-cul-2090-rdf,Deutsche Welle,United States,Culture
161,Drag queen rabbi provokes with human message,"The documentary ""Sabbath Queen"" follows Amichai Lau-Lavie, the first openly queer rabbi in a long Orthodox rabbinic lineage, in his identity quest and calls for peace.",2025-06-16,https://www.dw.com/en/drag-queen-rabbi-provokes-with-human-message/a-72917331?maca=en-rss-en-cul-2090-rdf,Deutsche Welle,Unknown,Culture
162,A voice for democracy: Thomas Mann's lasting literary legacy,"A Nobel prize laureate, literary exile and conscience of a nation in the wake of Nazi rule, Thomas Mann remains a cultural icon 150 years since his birth.",2025-06-06,https://www.dw.com/en/a-voice-for-democracy-thomas-mann-s-lasting-literary-legacy/a-72700303?maca=en-rss-en-cul-2090-rdf,Deutsche Welle,Unknown,Culture
163,Catherine Duleep Singh: The Nazi-defying Indian royal,"Openly living in a same-sex relationship in early 20th-century Germany, she later used her privilege, resources and courage to help Jewish families flee Nazism.",2025-06-02,https://www.dw.com/en/catherine-duleep-singh-the-nazi-defying-indian-royal/a-72684969?maca=en-rss-en-cul-2090-rdf,Deutsche Welle,Germany,Culture
164,UEFA European Women's Championships kick off in Switzerland,"The Women's Euro 2025 is underway, with hosts Switzerland losing 2-1 to Norway in Basel after Iceland and Finland opened the tournament. England, Spain and Germany are among the favorites for the title.",2025-07-02,https://www.dw.com/en/uefa-european-women-s-championships-kick-off-in-switzerland/a-73127104?maca=en-rss-en-sports-1027-rdf,Deutsche Welle,Switzerland,Sports
165,'Crying with the lights off:' The realities of life as a professional tennis player,"With the Wimbledon tennis championships underway, one ex-player has laid bare the struggles faced by many tennis pros.",2025-06-30,https://www.dw.com/en/crying-with-the-lights-off-the-realities-of-life-as-a-professional-tennis-player/a-73072182?maca=en-rss-en-sports-1027-rdf,Deutsche Welle,Unknown,Sports
